scnno,timestamp,value,lat,lon,bearinglookup,bearing
JTMSTL19,2016-06-15 12:30:00,34.57386,52.4984717015,-1.91861575346
JTMSTL22,2016-06-14 18:50:01,4.739837,52.4715793729,-1.94382389362
JTMSTL27,2016-06-15 11:30:02,9.263449,52.4207551798,-1.83426717935
JTMSTL33,2016-06-15 12:30:00,5.73215,52.4854114698,-1.92182057682
JTMSTL36,2016-06-15 12:30:00,32.29586,52.4706692294,-1.89964736148
JTMSTL7,2016-06-15 12:30:00,16.19684,52.4978514067,-1.89565272206
N13111A,2016-06-15 12:25:10,25,52.4620048729,-1.88225549751
N13111B,2016-06-15 12:25:10,33,52.4616740281,-1.88406669117
N13111C,2016-06-15 12:25:10,80,52.4628435983,-1.8849614472
N13111D,2016-06-15 12:25:10,37,52.4632827706,-1.88359148194
N13112X,2016-06-15 12:25:10,32,52.4624466026,-1.88349065466
N13112Y,2016-06-15 12:25:10,32,52.4596979997,-1.87690452817
N13121K,2016-06-15 12:25:10,28,52.4644897119,-1.8769500675
N13131E,2016-06-15 12:25:10,30,52.4578478007,-1.87011055318
N13141W,2016-06-15 12:25:10,30,52.4614282512,-1.88099129207
N13151H,2016-06-15 12:25:10,30,52.4656499351,-1.87744729616
N13151J,2016-06-15 12:25:10,27,52.4636892382,-1.87659904663
N13161A,2016-06-15 12:25:10,40,52.4624919854,-1.87508640566
N13191V,2016-06-15 12:25:10,32,52.4542821168,-1.86505888068
N13192B,2016-06-15 12:25:10,9,52.4542569126,-1.86661880286
N13211G,2016-06-15 12:25:10,14,52.4570171314,-1.86687537534
N14111X,2016-06-15 12:25:10,43,52.4598245988,-1.88666179579
N14111Y,2016-06-15 12:25:10,30,52.4581962826,-1.88548862043
N14121E,2016-06-15 12:25:10,80,52.4549442314,-1.88792513499
N14121F,2016-06-15 12:25:10,80,52.4565695511,-1.88596375182
N14122C,2016-06-15 12:25:10,80,52.4575760596,-1.88557852542
N14122D,2016-06-15 12:25:10,80,52.456120222,-1.88614150353
N14131P,2016-06-15 12:25:10,22,52.4461689151,-1.88679975438
N14131R,2016-06-15 12:25:10,38,52.4459727803,-1.8885363614
N14131S,2016-06-15 12:25:10,80,52.4466750457,-1.8896527804
N14141M,2016-06-15 12:25:10,28,52.4482017989,-1.88800106224
N15111C,2016-06-15 12:25:10,80,52.4529655595,-1.87793860086
N15111F,2016-06-15 12:25:10,30,52.4541131061,-1.86664866742
N15121E,2016-06-15 12:25:10,22,52.4532221267,-1.87397951093
N15121H,2016-06-15 12:25:10,80,52.4537925314,-1.87783331186
N17131Y,2016-06-15 12:25:10,30,52.4760692397,-1.89620469909
N17131Z,2016-06-15 12:25:10,28,52.4762727571,-1.89255295194
N17141A,2016-06-15 12:25:10,27,52.4763176801,-1.89252339704
N19111N,2016-06-15 12:25:10,80,52.4811065874,-1.88953741235
N19111O,2016-06-15 12:25:10,3,52.4814587736,-1.89124458511
N19121G,2016-06-15 12:25:10,24,52.482266823,-1.89010878296
N19131D,2016-06-15 12:25:10,6,52.4828615006,-1.89156508576
N19162A,2016-06-15 12:25:10,24,52.485001307,-1.89178072366
N21111A,2016-06-15 12:25:10,35,52.4507570044,-1.86415734325
N21111B,2016-06-15 12:25:10,80,52.4476335025,-1.86073873114
N21121J,2016-06-15 12:25:10,80,52.4444042556,-1.8591893975
N21122E,2016-06-15 12:25:10,80,52.4473275489,-1.86048956956
N21122F,2016-06-15 12:25:10,80,52.4465808947,-1.86007996093
N21131C,2016-06-15 12:25:10,32,52.4498298686,-1.86314492086
N22121M,2016-06-15 12:25:10,24,52.4289495745,-1.8927707255
N22121P,2016-06-15 12:25:10,32,52.426090521,-1.89252764141
N22131T,2016-06-15 12:25:10,30,52.4253442955,-1.89247062809
N22141E,2016-06-15 12:25:10,16,52.4349909049,-1.89280022613
N22141F,2016-06-15 12:25:10,30,52.4336335593,-1.89296530663
N22161D,2016-06-15 12:25:10,80,52.4357369959,-1.89271016407
N30122Z,2016-06-15 12:25:10,33,52.4524486703,-1.91381498924
N30131Q,2016-06-15 12:25:10,32,52.4584674803,-1.90784292165
N30141A,2016-06-15 12:25:10,43,52.4586201841,-1.90768071707
N30141C,2016-06-15 12:25:10,33,52.4555825598,-1.90896733978
N30141D,2016-06-15 12:25:10,40,52.4529248504,-1.9134167556
N30141E,2016-06-15 12:25:10,40,52.4563218181,-1.91171774994
N30151K,2016-06-15 12:25:10,35,52.4562816231,-1.90619925847
N30151L,2016-06-15 12:25:10,33,52.4550044262,-1.90542202901
N30151M,2016-06-15 12:25:10,43,52.4543769354,-1.90771899633
N30151N,2016-06-15 12:25:10,37,52.4557360638,-1.9098499847
N30161X,2016-06-15 12:25:10,38,52.4549636702,-1.91083751271
N30162Y,2016-06-15 12:25:10,80,52.4506175922,-1.91787969994
N33113P,2016-06-15 12:25:10,33,52.4673257571,-1.90059701731
N33121A,2016-06-15 12:25:10,22,52.4710738273,-1.89970532815
N33122S,2016-06-15 12:25:10,30,52.4665692572,-1.89900899765
N33131Y,2016-06-15 12:25:10,32,52.4715861926,-1.89963056002
N33132Z,2016-06-15 12:25:10,45,52.4703459637,-1.90008972127
N33141W,2016-06-15 12:25:10,40,52.4657984075,-1.90173383975
N34121J,2016-06-15 12:25:10,40,52.4400043813,-1.93949477336
N34121K,2016-06-15 12:25:10,6,52.4412361179,-1.93969904987
N34121L,2016-06-15 12:25:10,27,52.4412361179,-1.93969904987
N34121M,2016-06-15 12:25:10,41,52.4419813564,-1.93788853182
N34131A,2016-06-15 12:25:10,43,52.4382255121,-1.94180669633
N34131B,2016-06-15 12:25:10,41,52.4404804979,-1.93880271061
N34131C,2016-06-15 12:25:10,59,52.4399054162,-1.93934780101
N34131D,2016-06-15 12:25:10,27,52.4399054162,-1.93934780101
N34131E,2016-06-15 12:25:10,80,52.4386201058,-1.93986441878
N34131F,2016-06-15 12:25:10,80,52.4385931357,-1.93986445534
N34141X,2016-06-15 12:25:10,64,52.4380457333,-1.94185106243
N34142Y,2016-06-15 12:25:10,80,52.4348831635,-1.94591490654
N34151X,2016-06-15 12:25:10,80,52.4383863355,-1.93980589473
N34151Y,2016-06-15 12:25:10,80,52.4367770552,-1.93967569073
N34152S,2016-06-15 12:25:10,80,52.4390786412,-1.93995206002
N34152T,2016-06-15 12:25:10,80,52.4380087399,-1.93977698681
N34162E,2016-06-15 12:25:10,80,52.4350358529,-1.94560582922
N34171P,2016-06-15 12:25:10,80,52.4363031888,-1.94504531415
N34172Q,2016-06-15 12:25:10,28,52.4391058188,-1.94036391627
N34182C,2016-06-15 12:25:10,80,52.431522196,-1.94886058863
N36111A,2016-06-15 12:25:10,80,52.4104036562,-1.9736853316
N36111B,2016-06-15 12:25:10,41,52.4105924183,-1.97355291161
N36111C,2016-06-15 12:25:10,51,52.4117783607,-1.97037671335
N36111D,2016-06-15 12:25:10,33,52.4124801962,-1.97294902798
N36121E,2016-06-15 12:25:10,32,52.41160822,-1.97321417988
N36121K,2016-06-15 12:25:10,25,52.4120849732,-1.974492922
N36121P,2016-06-15 12:25:10,25,52.4126779442,-1.97280189148
N36121Q,2016-06-15 12:25:10,17,52.4119138623,-1.97312578806
N36121Z,2016-06-15 12:25:10,80,52.4131455401,-1.97330146868
N36131L,2016-06-15 12:25:10,80,52.4127499873,-1.97334581025
N36131P,2016-06-15 12:25:10,38,52.4140805845,-1.97365376088
N36131S,2016-06-15 12:25:10,22,52.4145749197,-1.97312418644
N37121M,2016-06-15 12:25:10,40,52.4756219437,-1.89875276615
N37131A,2016-06-15 12:25:10,24,52.4752908102,-1.90052022806
N38112A,2016-06-15 12:25:10,53,52.4548234203,-1.90392141376
N38112F,2016-06-15 12:25:10,37,52.4553471636,-1.90683402124
N39111R,2016-06-15 12:25:10,32,52.4471358756,-1.92772924575
N39141K,2016-06-15 12:25:10,45,52.4452247932,-1.93425000118
N39151W,2016-06-15 12:25:10,33,52.4445150923,-1.93517792639
N44111A,2016-06-15 12:25:10,80,52.4721517931,-1.92260951289
N44111B,2016-06-15 12:25:10,37,52.470840984,-1.92530575555
N44111C,2016-06-15 12:25:10,35,52.4718873524,-1.93114838373
N44111D,2016-06-15 12:25:10,27,52.4728480656,-1.92908585017
N44121T,2016-06-15 12:25:10,57,52.4717252762,-1.9307069955
N44121V,2016-06-15 12:25:10,28,52.4717249571,-1.93016230643
N44121W,2016-06-15 12:25:10,41,52.4708002184,-1.9322835931
N44131D,2016-06-15 12:25:10,80,52.4716777143,-1.9426755058
N44141G,2016-06-15 12:25:10,28,52.4711924048,-1.94298527783
N44141H,2016-06-15 12:25:10,35,52.4719230093,-1.94826932231
N44141J,2016-06-15 12:25:10,33,52.4727749128,-1.94355738809
N44151K,2016-06-15 12:25:10,28,52.4715969251,-1.94292587232
N44151L,2016-06-15 12:25:10,32,52.4695195482,-1.94150064855
N44151M,2016-06-15 12:25:10,43,52.4687203464,-1.94337118604
N44151N,2016-06-15 12:25:10,53,52.4695931475,-1.94501878136
N44161P,2016-06-15 12:25:10,25,52.4716689154,-1.94307299282
N44171E,2016-06-15 12:25:10,32,52.4718039722,-1.92701180949
N44171F,2016-06-15 12:25:10,33,52.4696714099,-1.92392398693
N44171G,2016-06-15 12:25:10,27,52.4693961034,-1.92940050935
N44181P,2016-06-15 12:25:10,33,52.4678406898,-1.92915274791
N44181R,2016-06-15 12:25:10,32,52.4692795477,-1.929930634
N44181S,2016-06-15 12:25:10,32,52.470187751,-1.93029721782
N44191J,2016-06-15 12:25:10,24,52.4703280907,-1.92457057706
N44211M,2016-06-15 12:25:10,6,52.4676774871,-1.9268714106
N44211N,2016-06-15 12:25:10,27,52.4692434138,-1.92963628093
N46121T,2016-06-15 12:25:10,80,52.4732297727,-1.95629120082
N47111M,2016-06-15 12:25:10,80,52.4764163395,-1.91432778365
N51121J,2016-06-15 12:25:10,32,52.4903562102,-1.90954378056
N51121L,2016-06-15 12:25:10,20,52.4877634593,-1.90488072141
N51131Q,2016-06-15 12:25:10,28,52.4910119002,-1.90879132242
N51131R,2016-06-15 12:25:10,27,52.4887902577,-1.90733792799
N51141A,2016-06-15 12:25:10,80,52.4922368673,-1.91188171537
N51141B,2016-06-15 12:25:10,80,52.4920648225,-1.91023250741
N51141D,2016-06-15 12:25:10,80,52.4903135233,-1.91256301505
N53111B,2016-06-15 12:25:10,35,52.4931191685,-1.90205605774
N53112Y,2016-06-15 12:25:10,38,52.4938775381,-1.90603113679
N53141Q,2016-06-15 12:25:10,35,52.4969611195,-1.89533076934
N53151A,2016-06-15 12:25:10,38,52.4942825256,-1.89579370839
N53151C,2016-06-15 12:25:10,30,52.4921411871,-1.89383991178
N53151D,2016-06-15 12:25:10,80,52.4910098564,-1.89541850174
N53151E,2016-06-15 12:25:10,12,52.4925935898,-1.89713796667
N53161J,2016-06-15 12:25:10,38,52.4925130628,-1.89758000258
N53161K,2016-06-15 12:25:10,28,52.4865738038,-1.90123115836
N53161L,2016-06-15 12:25:10,4,52.49304595,-1.9004950031
N53161M,2016-06-15 12:25:10,80,52.49363789,-1.89884406076
N53162A,2016-06-15 12:25:10,32,52.4927754954,-1.89959718129
N53171P,2016-06-15 12:25:10,37,52.491899833,-1.89538693978
N53181Y,2016-06-15 12:25:10,40,52.49892475,-1.89975997625
N54131Q,2016-06-15 12:25:10,37,52.5277080408,-1.90789010256
N54141H,2016-06-15 12:25:10,38,52.5297061207,-1.91093726365
N54161P,2016-06-15 12:25:10,40,52.525601897,-1.9047107966
N55111S,2016-06-15 12:25:10,80,52.5131149556,-1.94836856412
N55113X,2016-06-15 12:25:10,80,52.5139236989,-1.94757190753
N55121C,2016-06-15 12:25:10,17,52.5144322437,-1.93940777927
N55131K,2016-06-15 12:25:10,80,52.5140268762,-1.9378169035
N57131S,2016-06-15 12:25:10,19,52.5030025551,-1.93288251425
N57131T,2016-06-15 12:25:10,80,52.5013707212,-1.92509216354
N57141A,2016-06-15 12:25:10,19,52.5034082888,-1.93501802727
N57141C,2016-06-15 12:25:10,9,52.5022902489,-1.92925963413
N57141D,2016-06-15 12:25:10,35,52.5019507015,-1.93282518411
N57142Y,2016-06-15 12:25:10,19,52.5030566192,-1.93310340928
N57151L,2016-06-15 12:25:10,19,52.5034263491,-1.93516532002
N57171T,2016-06-15 12:25:10,38,52.5040153456,-1.94434256988
N58111J,2016-06-15 12:25:10,17,52.5092073907,-1.95594632321
N58111K,2016-06-15 12:25:10,27,52.5081097832,-1.95373739033
N58121H,2016-06-15 12:25:10,41,52.509513793,-1.9580087732
N58132Q,2016-06-15 12:25:10,25,52.5069485026,-1.94983433024
N58133P,2016-06-15 12:25:10,80,52.507965772,-1.95329553737
N58141X,2016-06-15 12:25:10,37,52.5089555089,-1.95550456031
N59111P,2016-06-15 12:25:10,80,52.5011176178,-1.92292711228
N62111A,2016-06-15 12:25:10,80,52.527186716,-1.89705737943
N62121L,2016-06-15 12:25:10,45,52.5225655361,-1.89662600436
N62131D,2016-06-15 12:25:10,80,52.5273123822,-1.89683598756
N62131E,2016-06-15 12:25:10,35,52.5264492391,-1.89670534798
N62131F,2016-06-15 12:25:10,43,52.5253255948,-1.89681115188
N64151C,2016-06-15 12:25:10,80,52.5640948365,-1.8244933978
N64151D,2016-06-15 12:25:10,80,52.5640948147,-1.82447864563
N66121Y,2016-06-15 12:25:10,33,52.53661108,-1.83582229767
N66131R,2016-06-15 12:25:10,12,52.536310805,-1.8269629062
N66141X,2016-06-15 12:25:10,22,52.5369398133,-1.82676877615
N66151D,2016-06-15 12:25:10,27,52.5276343334,-1.83884794549
N66152K,2016-06-15 12:25:10,6,52.5249838444,-1.8399778051
N66161P,2016-06-15 12:25:10,27,52.5282312597,-1.84151374723
N66181J,2016-06-15 12:25:10,41,52.5377263495,-1.83620147318
N66181L,2016-06-15 12:25:10,38,52.5356147746,-1.83696119645
N67111F,2016-06-15 12:25:10,22,52.5176329576,-1.8999827783
N67111G,2016-06-15 12:25:10,30,52.5188373784,-1.899714783
N67111K,2016-06-15 12:25:10,46,52.5188463683,-1.89971476258
N71111H,2016-06-15 12:25:10,33,52.5052339563,-1.86220715864
N71151A,2016-06-15 12:25:10,53,52.5060048645,-1.86815680257
N71161C,2016-06-15 12:25:10,57,52.5033578028,-1.87270213478
N71171K,2016-06-15 12:25:10,43,52.5043831722,-1.87318534334
N74111V,2016-06-15 12:25:10,46,52.5139237076,-1.82542982198
N74111W,2016-06-15 12:25:10,30,52.5130736538,-1.82815919141
N74111X,2016-06-15 12:25:10,41,52.5116247004,-1.83335144259
N74112Q,2016-06-15 12:25:10,43,52.5135665966,-1.82712579824
N74113P,2016-06-15 12:25:10,35,52.5158143977,-1.82128150055
N74121J,2016-06-15 12:25:10,33,52.516648201,-1.81978974969
N74121K,2016-06-15 12:25:10,33,52.5158769932,-1.82106020536
N74121L,2016-06-15 12:25:10,57,52.5143005865,-1.82495679222
N74121M,2016-06-15 12:25:10,28,52.5160121523,-1.82126596324
N74131A,2016-06-15 12:25:10,40,52.5176334769,-1.81742785333
N74131C,2016-06-15 12:25:10,24,52.5159939948,-1.82114814764
N74131D,2016-06-15 12:25:10,32,52.515994017,-1.8211628837
N74131E,2016-06-15 12:25:10,16,52.5172719076,-1.82204189736
N74143S,2016-06-15 12:25:10,33,52.5167814535,-1.81874292024
N74152Y,2016-06-15 12:25:10,46,52.5086619717,-1.84282165984
N74161S,2016-06-15 12:25:10,37,52.5095510443,-1.83551043587
N74171P,2016-06-15 12:25:10,30,52.5095326758,-1.83523055868
N74181D,2016-06-15 12:25:10,32,52.5129930177,-1.83467243725
N74191A,2016-06-15 12:25:10,38,52.5087539309,-1.84438310664
N74212Y,2016-06-15 12:25:10,33,52.5089645296,-1.84732912205
N74221G,2016-06-15 12:25:10,46,52.5090704825,-1.84584063921
N81111J,2016-06-15 12:25:10,32,52.466623638,-1.84872656904
N81111K,2016-06-15 12:25:10,24,52.4654309169,-1.84406464804
N81121Y,2016-06-15 12:25:10,80,52.4659911975,-1.84628530667
N81131M,2016-06-15 12:25:10,28,52.4727128166,-1.86613619453
N81131X,2016-06-15 12:25:10,16,52.4735407204,-1.86686978504
N81141B,2016-06-15 12:25:10,46,52.4694848374,-1.85791715305
N81141C,2016-06-15 12:25:10,25,52.4681950776,-1.85446205818
N81141D,2016-06-15 12:25:10,43,52.4692415786,-1.85747631932
N81151P,2016-06-15 12:25:10,27,52.4692414723,-1.85738799654
N81151Q,2016-06-15 12:25:10,12,52.4681678545,-1.85425606554
N81151R,2016-06-15 12:25:10,22,52.4671385849,-1.85071198247
N81171G,2016-06-15 12:25:10,17,52.4723972347,-1.86531274217
N81172K,2016-06-15 12:25:10,37,52.4697914809,-1.85874052683
N81181B,2016-06-15 12:25:10,80,52.4654128207,-1.8439763964
N81181C,2016-06-15 12:25:10,32,52.4652048079,-1.84303510335
N81182Y,2016-06-15 12:25:10,33,52.464680149,-1.84060833115
N82121K,2016-06-15 12:25:10,41,52.4628274899,-1.82726543625
N82124M,2016-06-15 12:25:10,41,52.4630467854,-1.82970784342
N82131A,2016-06-15 12:25:10,80,52.4632246607,-1.83469673554
N82131B,2016-06-15 12:25:10,19,52.4618419475,-1.8359529408
N82141R,2016-06-15 12:25:10,37,52.4633663958,-1.83319491195
N82151G,2016-06-15 12:25:10,33,52.4610581038,-1.83471955478
N82151H,2016-06-15 12:25:10,22,52.4604772409,-1.83723843613
N82151J,2016-06-15 12:25:10,19,52.4617904601,-1.83773401449
N82161B,2016-06-15 12:25:10,45,52.462179117,-1.82048289343
N82161C,2016-06-15 12:25:10,38,52.4618787151,-1.82398701428
N82161F,2016-06-15 12:25:10,48,52.4637025776,-1.82324381728
N83111S,2016-06-15 12:25:10,37,52.4520125822,-1.78353120074
N83151L,2016-06-15 12:25:10,12,52.4530086707,-1.78749940567
N83151N,2016-06-15 12:25:10,4,52.4534065181,-1.78877772017
N83162Y,2016-06-15 12:25:10,37,52.4514612025,-1.77707418822
N83181H,2016-06-15 12:25:10,40,52.4614582359,-1.80794614316
N83191A,2016-06-15 12:25:10,80,52.457422005,-1.79732358653
N83192X,2016-06-15 12:25:10,80,52.4607945344,-1.80341597171
N84112A,2016-06-15 12:25:10,32,52.4514460109,-1.77856043971
N84112B,2016-06-15 12:25:10,43,52.4514369384,-1.77851634136
N84112D,2016-06-15 12:25:10,6,52.4520840981,-1.78331012833
N84112E,2016-06-15 12:25:10,11,52.4520840442,-1.78328069896
N90111X,2016-06-15 12:25:10,54,52.5430322968,-1.9290027156
N90112W,2016-06-15 12:25:10,33,52.5357990419,-1.92047828156
N90132T,2016-06-15 12:25:10,35,52.5309753197,-1.91313113441
N90141B,2016-06-15 12:25:10,19,52.535230372,-1.91710325696
N90141C,2016-06-15 12:25:10,41,52.5340801815,-1.91784252531
N90141D,2016-06-15 12:25:10,48,52.5340891816,-1.91785725075
N90151N,2016-06-15 12:25:10,30,52.54304148,-1.92932709493
N90151Q,2016-06-15 12:25:10,16,52.5429425829,-1.92931250801
N90151S,2016-06-15 12:25:10,16,52.5420518974,-1.92816383472
N90161M,2016-06-15 12:25:10,20,52.5430325077,-1.92935659965
N90171H,2016-06-15 12:25:10,38,52.5345749901,-1.91837232939
N92111B,2016-06-15 12:25:10,80,52.5469208157,-1.85526401524
N92111C,2016-06-15 12:25:10,9,52.5459135046,-1.85489866869
N92111D,2016-06-15 12:25:10,80,52.5460330577,-1.85711020477
N92111H,2016-06-15 12:25:10,80,52.5470220454,-1.85719547812
N92131P,2016-06-15 12:25:10,38,52.5488863146,-1.86002089174
N96111B,2016-06-15 12:25:10,9,52.4157875062,-1.96872734818
N96111C,2016-06-15 12:25:10,24,52.4155722162,-1.97058003081
N96111D,2016-06-15 12:25:10,80,52.4165429696,-1.96988835172
N96111P,2016-06-15 12:25:10,20,52.4173966327,-1.96837334175
N96131E,2016-06-15 12:25:10,25,52.4165249895,-1.96988836386
N96131S,2016-06-15 12:25:10,24,52.4176573676,-1.96846137673
N96131V,2016-06-15 12:25:10,33,52.4167950319,-1.97127026717
N96131Y,2016-06-15 12:25:10,80,52.4186195028,-1.9692252856
N96141B,2016-06-15 12:25:10,40,52.4181872926,-1.9666671746
N96141R,2016-06-15 12:25:10,17,52.4165339573,-1.96980014009
N96141Z,2016-06-15 12:25:10,80,52.4176126888,-1.96950534339
WMID-JTMSTL1,2016-06-15 12:30:00,33.27567,52.6360854732,-2.12501007453
WMID-JTMSTL10,2016-06-15 12:15:00,1.081108,52.5846822935,-2.11590465908
WMID-JTMSTL11,2016-06-15 12:30:00,25.41422,52.5846822935,-2.11590465908
WMID-JTMSTL12,2016-06-15 12:30:00,15.65478,52.5846822935,-2.11590465908
WMID-JTMSTL13,2016-06-15 12:30:00,24.78582,52.5846822935,-2.11590465908
WMID-JTMSTL14,2016-06-15 12:30:00,27.11212,52.5848005991,-2.11442905184
WMID-JTMSTL16,2016-06-15 11:15:01,3.32031,52.5829336851,-2.12048995269
WMID-JTMSTL17,2016-06-15 12:30:00,1.420529,52.5829336851,-2.12048995269
WMID-JTMSTL18,2016-06-15 12:30:00,7.57354,52.5829336851,-2.12048995269
WMID-JTMSTL19,2016-06-15 12:30:00,5.519563,52.5829336851,-2.12048995269
WMID-JTMSTL2,2016-06-15 12:30:00,41.37558,52.5902991167,-2.12642937795
WMID-JTMSTL20,2016-06-15 12:30:00,2.608589,52.5829336851,-2.12048995269
WMID-JTMSTL22,2016-06-15 12:30:00,33.13351,52.5480318198,-2.09452814447
WMID-JTMSTL23,2016-06-15 12:30:00,36.94276,52.5664356426,-2.12217074305
WMID-JTMSTL24,2016-06-15 12:30:00,22.21669,52.5793049679,-2.12607301982
WMID-JTMSTL25,2016-06-15 12:30:00,29.00908,52.5793049679,-2.12607301982
WMID-JTMSTL26,2016-06-15 12:10:00,8.098292,52.5793049679,-2.12607301982
WMID-JTMSTL27,2016-06-15 12:30:00,20.73834,52.5793049679,-2.12607301982
WMID-JTMSTL28,2016-06-15 12:30:00,26.28774,52.5793049679,-2.12607301982
WMID-JTMSTL29,2016-06-15 12:30:00,27.31459,52.5792068651,-2.12533487164
WMID-JTMSTL3,2016-06-15 12:30:00,10.2072,52.5902991167,-2.12642937795
WMID-JTMSTL30,2016-06-15 11:55:00,22.1203,52.5792068651,-2.12533487164
WMID-JTMSTL31,2016-06-15 12:30:00,34.86188,52.5849110649,-2.13732091978
WMID-JTMSTL32,2016-06-15 12:30:00,26.57663,52.5849110649,-2.13732091978
WMID-JTMSTL33,2016-06-15 12:10:00,12.41782,52.5849110649,-2.13732091978
WMID-JTMSTL34,2016-06-15 12:30:00,24.23649,52.5849110649,-2.13732091978
WMID-JTMSTL35,2016-06-15 12:30:00,21.8507,52.5849110649,-2.13732091978
WMID-JTMSTL36,2016-06-15 12:30:00,31.32983,52.5574281677,-2.16611547054
WMID-JTMSTL37,2016-06-15 12:30:00,16.11028,52.5799803064,-2.1332619044
WMID-JTMSTL38,2016-06-15 12:30:00,32.71503,52.5799803064,-2.1332619044
WMID-JTMSTL39,2016-06-15 11:30:02,1.81659,52.5799803064,-2.1332619044
WMID-JTMSTL4,2016-06-15 12:30:00,28.29499,52.5902991167,-2.12642937795
WMID-JTMSTL40,2016-06-15 12:30:00,1.053885,52.5799803064,-2.1332619044
WMID-JTMSTL41,2016-06-15 12:30:00,19.67638,52.5799803064,-2.1332619044
WMID-JTMSTL42,2016-06-15 12:30:00,32.53159,52.5793689014,-2.13334859104
WMID-JTMSTL5,2016-06-15 12:15:00,2.673716,52.5902991167,-2.12642937795
WMID-JTMSTL55,2016-06-15 12:30:00,24.54708,52.4741645857,-2.07832219659
WMID-JTMSTL56,2016-06-15 12:30:00,26.91418,52.4697849564,-2.09279955862
WMID-JTMSTL6,2016-06-15 12:30:00,12.70242,52.5902991167,-2.12642937795
WMID-JTMSTL60,2016-06-15 12:30:00,17.0767,52.5904828688,-1.98532851198
WMID-JTMSTL7,2016-06-15 12:30:00,34.46281,52.5902448461,-2.12673920309
WMID-JTMSTL8,2016-06-15 12:30:00,24.30498,52.5830106928,-2.06944017824
WMID-JTMSTL9,2016-06-15 12:30:00,4.260846,52.5846822935,-2.11590465908
WMTG-10751-4-Zone1,2016-06-15 12:25:00,42.71,52.4137694941,-1.53195947418
WMTG-A0418POLE14-Zone1,2016-06-15 12:20:00,49.88,52.5525511635,-2.09766453819
WMTG-A0418POLE14-Zone2,2016-06-15 12:20:00,69.29,52.5525511635,-2.09766453819
WMTG-A0418POLE19-Zone1,2016-06-15 12:10:00,36.25,52.5525699201,-2.09672068349
WMTG-A0418POLE19-Zone2,2016-06-15 12:10:00,36.1,52.5525699201,-2.09672068349
WMTG-A0541POLE1-Zone1,2016-06-15 07:45:00,59.15,52.5616005907,-2.06294512096
WMTG-A0541POLE1-Zone2,2016-06-15 07:45:00,31.18,52.5616005907,-2.06294512096,120,SE
WMTG-A0811POLE2-Zone1,2016-06-15 12:05:00,66.2,52.594837117,-2.11956310775
WMTG-C02911-TCAM2-Zone1,2016-06-15 12:25:00,62.18,52.4719844402,-2.08492823407
WMTG-C02911-TCAM3-Zone1,2016-06-15 12:25:00,37.19,52.4719844402,-2.08492823407
WMTG-C02911-TCAM4-Zone1,2016-06-15 12:25:00,43.71,52.4719844402,-2.08492823407
WMTG-C02921-TCAM1-Zone1,2016-06-15 12:25:00,47.18,52.4738398903,-2.07989687714
WMTG-C02921-TCAM2-Zone1,2016-06-15 12:25:00,47.43,52.4738398903,-2.07989687714
WMTG-D0212Pole2-Zone1,2016-06-15 12:25:00,34.6,52.5130537536,-2.06574879567
WMTG-D0212Pole2-Zone2,2016-06-15 12:25:00,34.29,52.5130537536,-2.06574879567
WMTG-D0212Pole8-Zone1,2016-06-15 12:25:00,48.4,52.5130537536,-2.06574879567
WMTG-D0212Pole8-Zone2,2016-06-15 12:25:00,38,52.5130537536,-2.06574879567
WMTG-D0219Pole12-Zone1,2016-06-15 12:25:00,38,52.5137204717,-2.06306795756
WMTG-D0219Pole12-Zone2,2016-06-15 12:25:00,64,52.5137204717,-2.06306795756
WMTG-D0219Pole25-Zone1,2016-06-15 12:25:00,29.85,52.5137204717,-2.06306795756
WMTG-D0219Pole25-Zone2,2016-06-15 12:25:00,34.93,52.5137204717,-2.06306795756
WMTG-D0411Pole4-Zone1,2016-06-15 12:25:00,39.36,52.4808403962,-2.16161522867
WMTG-D0511Pole1-Zone1,2016-06-15 12:25:00,31.73,52.4811761526,-2.12150691494
WMTG-D0511Pole1-Zone2,2016-06-15 12:25:00,52.43,52.4811761526,-2.12150691494
WMTG-D0514Pole14-Zone1,2016-06-15 12:25:00,31,52.4837836117,-2.12114598031
WMTG-D0514Pole2-Zone1,2016-06-15 12:25:00,37.71,52.4837836117,-2.12114598031
WMTG-D0548Pole12-Zone1,2016-06-15 12:25:00,27.63,52.4846828162,-2.12094229653
WMTG-D0548Pole2-Zone1,2016-06-15 12:25:00,21.03,52.4846828162,-2.12094229653
WMTG-E0749-Pole1-Zone1,2016-06-15 12:25:00,67.24,52.4687782532,-1.90689406753
WMTG-E0749-Pole3-Zone1,2016-06-15 12:25:00,70.56,52.4687782532,-1.90689406753
WMTG-E0749-Pole3-Zone2,2016-06-15 12:25:00,52.96,52.4687782532,-1.90689406753
WMTG-E0750-Pole3-Zone1,2016-06-15 12:25:00,87,52.4690209822,-1.9068935568
WMTG-E1116-Pole4-Zone1,2016-06-15 12:25:00,35,52.4695024738,-1.94337018693
WMTG-E2112-Pole4-Zone1,2016-06-15 12:25:00,39.44,52.4533161986,-1.78854270817
WMTG-E2112-Pole4-Zone2,2016-06-15 12:25:00,44.66,52.4533161986,-1.78854270817
WMTG-E2112-Pole5-Zone1,2016-06-15 12:25:00,42.71,52.4533523422,-1.78864554192
WMTG-E2347-Pole1-Zone1,2016-06-15 12:25:00,158.86,52.5041922888,-1.87124124244
WMTG-E2347-Pole1-Zone2,2016-06-15 12:25:00,80.27,52.5041922888,-1.87124124244
WMTG-E2530-Pole10-Zone1,2016-06-15 12:10:00,40.57,52.5132637461,-1.88970748832
WMTG-E2530-Pole5-Zone1,2016-06-14 13:15:00,44.26,52.5131289114,-1.88972256026,109,E
WMTG-E4522-Pole2-Zone1,2016-06-15 12:25:00,64.18,52.5295239629,-1.83360810221
WMTG-G0113_TCAM2-Zone1,2016-06-15 12:25:00,29.65,52.4134881652,-1.7681943607
WMTG-G0113_TCAM2-Zone2,2016-06-15 12:25:00,34.91,52.4134881652,-1.7681943607
WMTG-G0113_TCAM2-Zone3,2016-06-15 12:25:00,33.18,52.4134881652,-1.7681943607
WMTG-G0512_TCAM1-Zone1,2016-06-15 10:55:00,47.6,52.4382528685,-1.806634732,140,SE
WMTG-G0512_TCAM1-Zone2,2016-06-15 10:55:00,41.64,52.4382528685,-1.806634732,320,NW
WMTG-G0512_TCAM2-Zone1,2016-06-15 12:20:00,71.2,52.4373695857,-1.8052558619
WMTG-G0512_TCAM2-Zone2,2016-06-15 12:20:00,76,52.4373695857,-1.8052558619,146,SE
