measurement_id,lon,lat,source,direction,description
N30131Q,-1.90784292539,52.4584674894,Scoot,,
N82121K,-1.82726543999,52.4628274999,Scoot,,
N30161X,-1.91083751646,52.4549636793,Scoot,,
N90151S,-1.92816383846,52.5420519064,Scoot,,
N90162X,-7.55715984208,49.7668072319,Scoot,,
N74212Y,-1.84732912578,52.5089645394,Scoot,,
N74221G,-1.84584064295,52.5090704923,Scoot,,
N74113P,-1.82128150429,52.5158144078,Scoot,,
N39151W,-1.93517793013,52.4445151013,Scoot,,
N30151K,-1.90619926221,52.4562816323,Scoot,,
N53162A,-1.89959718503,52.4927755046,Scoot,,
N76131N,-7.55715984208,49.7668072319,Scoot,,
N57142Y,-1.93310341302,52.5030566282,Scoot,,
N74111V,-1.82542982572,52.5139237177,Scoot,,
N39161S,-7.55715984208,49.7668072319,Scoot,,
N57131S,-1.93288251799,52.503002564,Scoot,,
N74121J,-1.81978975343,52.5166482112,Scoot,,
N30151M,-1.90771900007,52.4543769445,Scoot,,
N53111B,-1.90205606148,52.4931191777,Scoot,,
N82141R,-1.83319491569,52.4633664058,Scoot,,
N67111E,-7.55715984208,49.7668072319,Scoot,,
N41122Y,-7.55715984208,49.7668072319,Scoot,,
N74112Q,-1.82712580198,52.5135666067,Scoot,,
N67111F,-1.89998278204,52.5176329667,Scoot,,
N74143S,-1.81874292398,52.5167814637,Scoot,,
N52121P,-7.55715984208,49.7668072319,Scoot,,
N53171P,-1.89538694352,52.4918998423,Scoot,,
N74121L,-1.82495679596,52.5143005966,Scoot,,
N72111A,-7.55715984208,49.7668072319,Scoot,,
N84133Y,-7.55715984208,49.7668072319,Scoot,,
N41121X,-7.55715984208,49.7668072319,Scoot,,
N90112W,-1.9204782853,52.5357990509,Scoot,,
N30151N,-1.90984998845,52.4557360729,Scoot,,
N72111C,-7.55715984208,49.7668072319,Scoot,,
N52121O,-7.55715984208,49.7668072319,Scoot,,
N57151L,-1.93516532376,52.503426358,Scoot,,
N56131X,-7.55715984208,49.7668072319,Scoot,,
N62121M,-7.55715984208,49.7668072319,Scoot,,
N66121X,-7.55715984208,49.7668072319,Scoot,,
N62112A,-7.55715984208,49.7668072319,Scoot,,
N74111X,-1.83335144633,52.5116247104,Scoot,,
N44111C,-1.93114838747,52.4718873614,Scoot,,
N62131F,-1.89681115562,52.525325604,Scoot,,
N30141D,-1.91341675935,52.4529248595,Scoot,,
N74152Y,-1.84282166358,52.5086619815,Scoot,,
N13182E,-7.55715984208,49.7668072319,Scoot,,
N76121S,-7.55715984208,49.7668072319,Scoot,,
N25122B,-7.55715984208,49.7668072319,Scoot,,
N90152T,-7.55715984208,49.7668072319,Scoot,,
N44121V,-1.93016231018,52.4717249661,Scoot,,
N34121M,-1.93788853556,52.4419813654,Scoot,,
N81172J,-7.55715984208,49.7668072319,Scoot,,
N34121J,-1.9394947771,52.4400043903,Scoot,,
N30141A,-1.90768072081,52.4586201932,Scoot,,
N82161B,-1.82048289717,52.4621791272,Scoot,,
N90111X,-1.92900271934,52.5430323058,Scoot,,
N66131S,-7.55715984208,49.7668072319,Scoot,,
N76111B,-7.55715984208,49.7668072319,Scoot,,
N30151L,-1.90542203276,52.4550044354,Scoot,,
N62121L,-1.8966260081,52.5225655453,Scoot,,
N57141A,-1.93501803102,52.5034082977,Scoot,,
N66141Y,-7.55715984208,49.7668072319,Scoot,,
N62151R,-7.55715984208,49.7668072319,Scoot,,
N90171H,-1.91837233313,52.5345749991,Scoot,,
N30122Z,-1.91381499298,52.4524486793,Scoot,,
N33132Z,-1.90008972501,52.4703459729,Scoot,,
N33141W,-1.90173384349,52.4657984166,Scoot,,
N44191K,-7.55715984208,49.7668072319,Scoot,,
N30141C,-1.90896734353,52.4555825689,Scoot,,
N17151S,-7.55715984208,49.7668072319,Scoot,,
N66121Y,-1.8358223014,52.5366110899,Scoot,,
N82161F,-1.82324382102,52.4637025877,Scoot,,
N52133Q,-7.55715984208,49.7668072319,Scoot,,
N13112Y,-1.87690453191,52.4596980091,Scoot,,
N44141H,-1.94826932606,52.4719230181,Scoot,,
N82151J,-1.83773401823,52.46179047,Scoot,,
N13192B,-1.8666188066,52.4542569221,Scoot,,
N33151L,-7.55715984208,49.7668072319,Scoot,,
N53161L,-1.90049500684,52.4930459592,Scoot,,
N57141C,-1.92925963787,52.5022902579,Scoot,,
N33113P,-1.90059702105,52.4673257663,Scoot,,
N34131A,-1.94180670008,52.438225521,Scoot,,
N32121J,-7.55715984208,49.7668072319,Scoot,,
N12122F,-7.55715984208,49.7668072319,Scoot,,
N13151J,-1.87659905038,52.4636892476,Scoot,,
N84121R,-7.55715984208,49.7668072319,Scoot,,
N74131C,-1.82114815138,52.515994005,Scoot,,
N25142S,-7.55715984208,49.7668072319,Scoot,,
N14111Y,-1.88548862417,52.4581962919,Scoot,,
N84132X,-7.55715984208,49.7668072319,Scoot,,
N66192E,-7.55715984208,49.7668072319,Scoot,,
N34131D,-1.93934780476,52.4399054251,Scoot,,
N14151K,-7.55715984208,49.7668072319,Scoot,,
N54131Q,-1.90789010631,52.5277080499,Scoot,,
N14111X,-1.88666179954,52.4598246082,Scoot,,
N38112F,-1.90683402499,52.4553471727,Scoot,,
N76111D,-7.55715984208,49.7668072319,Scoot,,
N66141X,-1.82676877989,52.5369398233,Scoot,,
N33131Y,-1.89963056377,52.4715862018,Scoot,,
N46121S,-7.55715984208,49.7668072319,Scoot,,
N24211A,-7.55715984208,49.7668072319,Scoot,,
N24211D,-7.55715984208,49.7668072319,Scoot,,
N82111X,-7.55715984208,49.7668072319,Scoot,,
N36111D,-1.97294903173,52.412480205,Scoot,,
N81161F,-7.55715984208,49.7668072319,Scoot,,
N38112A,-1.90392141751,52.4548234294,Scoot,,
N43161G,-7.55715984208,49.7668072319,Scoot,,
N85111C,-7.55715984208,49.7668072319,Scoot,,
N14141M,-1.88800106598,52.4482018082,Scoot,,
N13121K,-1.87695007124,52.4644897213,Scoot,,
N90161M,-1.92935660339,52.5430325167,Scoot,,
N43211Z,-7.55715984208,49.7668072319,Scoot,,
N82124M,-1.82970784716,52.4630467955,Scoot,,
N33121C,-7.55715984208,49.7668072319,Scoot,,
N81131M,-1.86613619827,52.4727128262,Scoot,,
N66151B,-7.55715984208,49.7668072319,Scoot,,
N36121E,-1.97321418363,52.4116082288,Scoot,,
N84111R,-7.55715984208,49.7668072319,Scoot,,
N13161A,-1.8750864094,52.4624919949,Scoot,,
N44151K,-1.94292587606,52.471596934,Scoot,,
N92111C,-1.85489867243,52.5459135143,Scoot,,
N85111A,-7.55715984208,49.7668072319,Scoot,,
N13141W,-1.88099129581,52.4614282606,Scoot,,
N43161H,-7.55715984208,49.7668072319,Scoot,,
N43211X,-7.55715984208,49.7668072319,Scoot,,
N84111P,-7.55715984208,49.7668072319,Scoot,,
N66111B,-7.55715984208,49.7668072319,Scoot,,
N53141Q,-1.89533077308,52.4969611287,Scoot,,
N13112X,-1.8834906584,52.4624466119,Scoot,,
N13111A,-1.88225550126,52.4620048823,Scoot,,
N37131A,-1.90052023181,52.4752908194,Scoot,,
N74161S,-1.8355104396,52.5095510543,Scoot,,
N66131R,-1.82696290994,52.5363108151,Scoot,,
N54121Y,-7.55715984208,49.7668072319,Scoot,,
N43191S,-7.55715984208,49.7668072319,Scoot,,
N84112E,-1.7832807027,52.4520840551,Scoot,,BIRM-N84112E
N25111V,-7.55715984208,49.7668072319,Scoot,,
N84111S,-7.55715984208,49.7668072319,Scoot,,
N21111A,-1.86415734699,52.450757014,Scoot,,
N34131C,-1.93934780476,52.4399054251,Scoot,,
N85111D,-7.55715984208,49.7668072319,Scoot,,
N44111D,-1.92908585391,52.4728480746,Scoot,,
N54141H,-1.91093726739,52.5297061298,Scoot,,
N33122S,-1.89900900139,52.4665692665,Scoot,,
N47111K,-7.55715984208,49.7668072319,Scoot,,
N53161J,-1.89758000632,52.492513072,Scoot,,
N84115K,-7.55715984208,49.7668072319,Scoot,,
N76111A,-7.55715984208,49.7668072319,Scoot,,
N25112Y,-7.55715984208,49.7668072319,Scoot,,
N57141D,-1.93282518785,52.5019507104,Scoot,,
N74131D,-1.82116288744,52.5159940272,Scoot,,
N33121B,-7.55715984208,49.7668072319,Scoot,,
N36142X,-7.55715984208,49.7668072319,Scoot,,
N33121X,-7.55715984208,49.7668072319,Scoot,,
N21131C,-1.8631449246,52.4498298782,Scoot,,
N33121D,-7.55715984208,49.7668072319,Scoot,,
N12131B,-7.55715984208,49.7668072319,Scoot,,
N13211G,-1.86687537908,52.457017141,Scoot,,
N54151U,-7.55715984208,49.7668072319,Scoot,,
N17122P,-7.55715984208,49.7668072319,Scoot,,
N71161C,-1.87270213852,52.5033578123,Scoot,,
N84111Q,-7.55715984208,49.7668072319,Scoot,,
N43151K,-7.55715984208,49.7668072319,Scoot,,
N43151M,-7.55715984208,49.7668072319,Scoot,,
N34172Q,-1.94036392001,52.4391058277,Scoot,,
N12151Y,-7.55715984208,49.7668072319,Scoot,,
N12141E,-7.55715984208,49.7668072319,Scoot,,
N13131E,-1.87011055692,52.4578478102,Scoot,,
N44121W,-1.93228359684,52.4708002274,Scoot,,
N14131N,-7.55715984208,49.7668072319,Scoot,,
N74171J,-7.55715984208,49.7668072319,Scoot,,
N68121X,-7.55715984208,49.7668072319,Scoot,,
N58111K,-1.95373739407,52.508109792,Scoot,,
N58111J,-1.95594632695,52.5092073996,Scoot,,
N82151H,-1.83723843987,52.4604772509,Scoot,,
N81171G,-1.86531274591,52.4723972443,Scoot,,
N41114J,-7.55715984208,49.7668072319,Scoot,,
N84112B,-1.7785163451,52.4514369493,Scoot,,BIRM-N84112B
N33121A,-1.8997053319,52.4710738365,Scoot,,
N21141M,-7.55715984208,49.7668072319,Scoot,,
N58132Q,-1.94983433399,52.5069485114,Scoot,,
N30141E,-1.91171775368,52.4563218272,Scoot,,
N44121T,-1.93070699924,52.4717252852,Scoot,,
N62141J,-7.55715984208,49.7668072319,Scoot,,
N17141A,-1.89252340078,52.4763176894,Scoot,,
N54161P,-1.90471080034,52.5256019062,Scoot,,
N53112Y,-1.90603114053,52.4938775472,Scoot,,
N33121J,-7.55715984208,49.7668072319,Scoot,,
N74131A,-1.81742785707,52.5176334871,Scoot,,
N11131D,-7.55715984208,49.7668072319,Scoot,,
N53151A,-1.89579371213,52.4942825348,Scoot,,
N44171G,-1.92940051309,52.4693961124,Scoot,,
N53151C,-1.89383991552,52.4921411964,Scoot,,
N51131R,-1.90733793173,52.4887902668,Scoot,,
N58121H,-1.95800877694,52.5095138018,Scoot,,
N39141J,-7.55715984208,49.7668072319,Scoot,,
N53151E,-1.89713797041,52.492593599,Scoot,,
N51121L,-1.90488072515,52.4877634684,Scoot,,
N62131E,-1.89670535172,52.5264492484,Scoot,,
N41111A,-7.55715984208,49.7668072319,Scoot,,
N51111B,-7.55715984208,49.7668072319,Scoot,,
N74181D,-1.83467244099,52.5129930277,Scoot,,
N90151Q,-1.92931251175,52.5429425918,Scoot,,
N43161F,-7.55715984208,49.7668072319,Scoot,,
N24221L,-7.55715984208,49.7668072319,Scoot,,
N21142H,-7.55715984208,49.7668072319,Scoot,,
N41111D,-7.55715984208,49.7668072319,Scoot,,
N38141R,-7.55715984208,49.7668072319,Scoot,,
N33121G,-7.55715984208,49.7668072319,Scoot,,
N90151N,-1.92932709867,52.543041489,Scoot,,
N83162Y,-1.77707419197,52.4514612134,Scoot,,BIRM-N83162Y
N57171T,-1.94434257362,52.5040153545,Scoot,,
N96151C,-7.55715984208,49.7668072319,Scoot,,
N65131D,-7.55715984208,49.7668072319,Scoot,,
N51121J,-1.9095437843,52.4903562193,Scoot,,
N61111A,-7.55715984208,49.7668072319,Scoot,,
N90141D,-1.91785725449,52.5340891906,Scoot,,
N44181R,-1.92993063774,52.4692795567,Scoot,,
N55121C,-1.93940778301,52.5144322526,Scoot,,
N35122J,-7.55715984208,49.7668072319,Scoot,,
N82131B,-1.83595294454,52.4618419575,Scoot,,
N35131L,-7.55715984208,49.7668072319,Scoot,,
N24111R,-7.55715984208,49.7668072319,Scoot,,
N66181L,-1.83696120019,52.5356147846,Scoot,,
N43211W,-7.55715984208,49.7668072319,Scoot,,
N96131S,-1.96846138048,52.4176573764,Scoot,,
N90141U,-7.55715984208,49.7668072319,Scoot,,
N24121M,-7.55715984208,49.7668072319,Scoot,,
N90132T,-1.91313113815,52.5309753288,Scoot,,
N24231A,-7.55715984208,49.7668072319,Scoot,,
N62111C,-7.55715984208,49.7668072319,Scoot,,
N38111F,-7.55715984208,49.7668072319,Scoot,,
N24221J,-7.55715984208,49.7668072319,Scoot,,
N96111P,-1.9683733455,52.4173966415,Scoot,,
N56121J,-7.55715984208,49.7668072319,Scoot,,
N12112P,-7.55715984208,49.7668072319,Scoot,,
N56111B,-7.55715984208,49.7668072319,Scoot,,
N67111G,-1.89971478674,52.5188373876,Scoot,,
N84112F,-7.55715984208,49.7668072319,Scoot,,BIRM-N84112F
N38111G,-7.55715984208,49.7668072319,Scoot,,
N71171K,-1.87318534708,52.5043831816,Scoot,,
N83151L,-1.78749940941,52.4530086815,Scoot,,BIRM-N83151L
N65141J,-7.55715984208,49.7668072319,Scoot,,
N14131R,-1.88853636515,52.4459727896,Scoot,,
N71151A,-1.86815680631,52.506004874,Scoot,,
N24111S,-7.55715984208,49.7668072319,Scoot,,
N65132Y,-7.55715984208,49.7668072319,Scoot,,
N34121K,-1.93969905361,52.4412361268,Scoot,,
N84131C,-7.55715984208,49.7668072319,Scoot,,
N17131Y,-1.89620470283,52.476069249,Scoot,,
N63121K,-7.55715984208,49.7668072319,Scoot,,
N42112G,-7.55715984208,49.7668072319,Scoot,,
N74171P,-1.83523056242,52.5095326857,Scoot,,
N14131P,-1.88679975812,52.4461689245,Scoot,,
N85111B,-7.55715984208,49.7668072319,Scoot,,
N17131Z,-1.89255295568,52.4762727663,Scoot,,
N96131V,-1.97127027092,52.4167950407,Scoot,,
N58121J,-7.55715984208,49.7668072319,Scoot,,
N36121P,-1.97280189523,52.412677953,Scoot,,
N19162A,-1.8917807274,52.4850013163,Scoot,,
N92131P,-1.86002089548,52.5488863243,Scoot,,
N66153J,-7.55715984208,49.7668072319,Scoot,,
N63121M,-7.55715984208,49.7668072319,Scoot,,
N96141B,-1.96666717835,52.4181873013,Scoot,,
N36121K,-1.97449292575,52.412084982,Scoot,,
N15121E,-1.87397951467,52.4532221362,Scoot,,
N96152A,-7.55715984208,49.7668072319,Scoot,,
N24211F,-7.55715984208,49.7668072319,Scoot,,
N67111K,-1.89971476632,52.5188463774,Scoot,,
N12151X,-7.55715984208,49.7668072319,Scoot,,
N53181Y,-1.89975997999,52.4989247592,Scoot,,
N44161P,-1.94307299657,52.4716689243,Scoot,,
N38112B,-7.55715984208,49.7668072319,Scoot,,
N24211B,-7.55715984208,49.7668072319,Scoot,,
N84112A,-1.77856044345,52.4514460218,Scoot,,BIRM-N84112A
N24121N,-7.55715984208,49.7668072319,Scoot,,
N84131B,-7.55715984208,49.7668072319,Scoot,,
N74121K,-1.8210602091,52.5158770034,Scoot,,
N84112C,-7.55715984208,49.7668072319,Scoot,,BIRM-N84112C
N62121N,-7.55715984208,49.7668072319,Scoot,,
N37121M,-1.89875276989,52.4756219529,Scoot,,
N12121E,-7.55715984208,49.7668072319,Scoot,,
N66161P,-1.84151375096,52.5282312696,Scoot,,
N39141K,-1.93425000492,52.4452248022,Scoot,,
N12132D,-7.55715984208,49.7668072319,Scoot,,
N53161K,-1.9012311621,52.486573813,Scoot,,
N25111W,-7.55715984208,49.7668072319,Scoot,,
N81172K,-1.85874053057,52.4697914905,Scoot,,
N39111R,-1.92772924949,52.4471358846,Scoot,,
N24211G,-7.55715984208,49.7668072319,Scoot,,
N34121L,-1.93969905361,52.4412361268,Scoot,,
N44151N,-1.94501878511,52.4695931564,Scoot,,
N19121G,-1.8901087867,52.4822668323,Scoot,,
N59121Y,-7.55715984208,49.7668072319,Scoot,,
N74111W,-1.82815919515,52.5130736638,Scoot,,
N90141B,-1.9171032607,52.535230381,Scoot,,
N21141L,-7.55715984208,49.7668072319,Scoot,,
N15111F,-1.86664867116,52.4541131157,Scoot,,
N66151C,-7.55715984208,49.7668072319,Scoot,,
N36111C,-1.9703767171,52.4117783695,Scoot,,
N81151P,-1.85738800028,52.469241482,Scoot,,
N44141J,-1.94355739183,52.4727749217,Scoot,,
N86111T,-7.55715984208,49.7668072319,Scoot,,
N86111Q,-7.55715984208,49.7668072319,Scoot,,
N44191J,-1.92457058081,52.4703280997,Scoot,,
N44171F,-1.92392399067,52.4696714189,Scoot,,
N17111B,-7.55715984208,49.7668072319,Scoot,,
N36131P,-1.97365376463,52.4140805933,Scoot,,
N83181H,-1.8079461469,52.4614582463,Scoot,,BIRM-N83181H
N84112D,-1.78331013207,52.4520841089,Scoot,,BIRM-N84112D
N17111C,-7.55715984208,49.7668072319,Scoot,,
N81111J,-1.84872657278,52.4666236478,Scoot,,
N81141C,-1.85446206192,52.4681950873,Scoot,,
N12131A,-7.55715984208,49.7668072319,Scoot,,
N52121M,-7.55715984208,49.7668072319,Scoot,,
N65131E,-7.55715984208,49.7668072319,Scoot,,
N33121F,-7.55715984208,49.7668072319,Scoot,,
N66181J,-1.83620147692,52.5377263594,Scoot,,
N42111B,-7.55715984208,49.7668072319,Scoot,,
N82161C,-1.82398701802,52.4618787252,Scoot,,
N82151G,-1.83471955852,52.4610581137,Scoot,,
N63121L,-7.55715984208,49.7668072319,Scoot,,
N67111H,-7.55715984208,49.7668072319,Scoot,,
N13111B,-1.88406669491,52.4616740374,Scoot,,
N43181B,-7.55715984208,49.7668072319,Scoot,,
N19161C,-7.55715984208,49.7668072319,Scoot,,
N44141G,-1.94298528157,52.4711924137,Scoot,,
N66151D,-1.83884794923,52.5276343433,Scoot,,
N44181P,-1.92915275165,52.4678406988,Scoot,,
N81151R,-1.85071198621,52.4671385946,Scoot,,
N63111S,-7.55715984208,49.7668072319,Scoot,,
WMTG-D0219Pole25-Zone2,-2.06306796132,52.5137204806,Detector,,Birmingham New Rd; Burnt Tree
N13111D,-1.88359148568,52.4632827799,Scoot,,
N84131D,-7.55715984208,49.7668072319,Scoot,,
N71141S,-7.55715984208,49.7668072319,Scoot,,
N44211N,-1.92963628467,52.4692434227,Scoot,,
N12131C,-7.55715984208,49.7668072319,Scoot,,
N44181S,-1.93029722157,52.4701877599,Scoot,,
N44171E,-1.92701181323,52.4718039812,Scoot,,
N55131L,-7.55715984208,49.7668072319,Scoot,,
N17131X,-7.55715984208,49.7668072319,Scoot,,
N68111R,-7.55715984208,49.7668072319,Scoot,,
N74121M,-1.82126596698,52.5160121625,Scoot,,
N44151M,-1.94337118979,52.4687203553,Scoot,,
N71141R,-7.55715984208,49.7668072319,Scoot,,
N36111B,-1.97355291536,52.4105924271,Scoot,,
N13151H,-1.87744729991,52.4656499446,Scoot,,
N54151Z,-7.55715984208,49.7668072319,Scoot,,
WMTG-E4522-Pole2-Zone1,-1.83360810595,52.5295239728,Detector,,Sutton Rd nr Wilmot Drive
WMTG-D0212Pole8-Zone2,-2.06574879943,52.5130537625,Detector,,Birmingham Rd; near Tesco
N71111H,-1.86220716238,52.5052339659,Scoot,,
N44151L,-1.9415006523,52.4695195571,Scoot,,
N44111B,-1.92530575929,52.470840993,Scoot,,
N51131Q,-1.90879132616,52.4910119094,Scoot,,
N66152K,-1.83997780884,52.5249838543,Scoot,,
WMTG-D0212Pole2-Zone2,-2.06574879943,52.5130537625,Detector,,Birmingham Rd; near Tesco
WMTG-D0212Pole2-Zone1,-2.06574879943,52.5130537625,Detector,,Birmingham Rd; near Tesco
WMTG-C02921-TCAM2-Zone1,-2.0798968809,52.4738398994,Detector,,Foxoak St; Newton Ln
N53181Z,-7.55715984208,49.7668072319,Scoot,,
N81141D,-1.85747632306,52.4692415882,Scoot,,
N38131A,-7.55715984208,49.7668072319,Scoot,,
WMTG-C02921-TCAM1-Zone1,-2.0798968809,52.4738398994,Detector,,Foxoak St; Newton Ln
WMTG-E2347-Pole1-Zone2,-1.87124124618,52.5041922983,Detector,,Lichfield Rd;near Holborn Hill
N34141X,-1.94185106618,52.4380457422,Scoot,,
N34131B,-1.93880271436,52.4404805068,Scoot,,
WMTG-D0212Pole8-Zone1,-2.06574879943,52.5130537625,Detector,,Birmingham Rd; near Tesco
WMTG-E0749-Pole3-Zone2,-1.90689407127,52.4687782624,Detector,,Lee Bank Middleway; nr Ryland Rd
WMTG-D0219Pole25-Zone1,-2.06306796132,52.5137204806,Detector,,Birmingham New Rd; Burnt Tree
WMTG-C02911-TCAM4-Zone1,-2.08492823783,52.4719844493,Detector,,Foxoak St; St Annes Rd
WMTG-D0411Pole4-Zone1,-2.16161523245,52.480840406,Detector,,High St; Lawnswood Rd
N24221N,-7.55715984208,49.7668072319,Scoot,,
N32111A,-7.55715984208,49.7668072319,Scoot,,
N59121W,-7.55715984208,49.7668072319,Scoot,,
WMTG-C02911-TCAM2-Zone1,-2.08492823783,52.4719844493,Detector,,Foxoak St; St Annes Rd
N24211E,-7.55715984208,49.7668072319,Scoot,,
N12121B,-7.55715984208,49.7668072319,Scoot,,
WMTG-E0749-Pole3-Zone1,-1.90689407127,52.4687782624,Detector,,Lee Bank Middleway; nr Ryland Rd
N83151N,-1.78877772391,52.4534065288,Scoot,,BIRM-N83151N
N24111U,-7.55715984208,49.7668072319,Scoot,,
WMTG-A0418POLE19-Zone2,-2.09672068726,52.5525699292,Detector,,Birmingham New Rd; Black Country
N19131D,-1.8915650895,52.4828615098,Scoot,,
N22141E,-1.89280022988,52.4349909142,Scoot,,
N81141B,-1.85791715679,52.469484847,Scoot,,
N41111C,-7.55715984208,49.7668072319,Scoot,,
WMTG-D0548Pole12-Zone1,-2.1209423003,52.4846828256,Detector,,Dudley Rd; Venture Way
N22121M,-1.89277072924,52.4289495838,Scoot,,
WMTG-D0514Pole14-Zone1,-2.12114598408,52.4837836211,Detector,,High St; Bank St; Level St
WMTG-E0750-Pole3-Zone1,-1.90689356055,52.4690209914,Detector,,Lee Bank Middleway; nr Ryland Rd
WMTG-D0548Pole2-Zone1,-2.1209423003,52.4846828256,Detector,,Dudley Rd; Venture Way
N22141F,-1.89296531037,52.4336335685,Scoot,,
N44211M,-1.92687141434,52.4676774961,Scoot,,
N36121Q,-1.97312579181,52.411913871,Scoot,,
WMTG-10751-4-Zone1,-1.53195947796,52.4137695126,Detector,,10751_TCAM1
N32111E,-7.55715984208,49.7668072319,Scoot,,
N24131C,-7.55715984208,49.7668072319,Scoot,,
N38111H,-7.55715984208,49.7668072319,Scoot,,
N84121P,-7.55715984208,49.7668072319,Scoot,,
N41111E,-7.55715984208,49.7668072319,Scoot,,
N81111K,-1.84406465178,52.4654309267,Scoot,,
WMTG-D0514Pole2-Zone1,-2.12114598408,52.4837836211,Detector,,High St; Bank St; Level St
N84115J,-7.55715984208,49.7668072319,Scoot,,
N81182Y,-1.84060833489,52.4646801589,Scoot,,
N81181C,-1.84303510709,52.4652048177,Scoot,,
WMTG-D0511Pole1-Zone2,-2.12150691871,52.481176162,Detector,,High St; Moor St
N36131S,-1.97312419019,52.4145749285,Scoot,,
N22111I,-7.55715984208,49.7668072319,Scoot,,
WMTG-D0511Pole1-Zone1,-2.12150691871,52.481176162,Detector,,High St; Moor St
N11111J,-7.55715984208,49.7668072319,Scoot,,
N65151L,-7.55715984208,49.7668072319,Scoot,,
N11131C,-7.55715984208,49.7668072319,Scoot,,
N46161Y,-7.55715984208,49.7668072319,Scoot,,
N81151Q,-1.85425606928,52.4681678642,Scoot,,
N84121S,-7.55715984208,49.7668072319,Scoot,,
WMTG-C02911-TCAM3-Zone1,-2.08492823783,52.4719844493,Detector,,Foxoak St; St Annes Rd
N59111Q,-7.55715984208,49.7668072319,Scoot,,
N43141X,-7.55715984208,49.7668072319,Scoot,,
N65151J,-7.55715984208,49.7668072319,Scoot,,
N24221K,-7.55715984208,49.7668072319,Scoot,,
WMTG-G0113_TCAM2-Zone2,-1.76819436445,52.4134881763,Detector,,A41 Warwick Rd; Hampton Lane
N65151K,-7.55715984208,49.7668072319,Scoot,,
N84121Q,-7.55715984208,49.7668072319,Scoot,,
N19111O,-1.89124458885,52.4814587829,Scoot,,
N96121U,-7.55715984208,49.7668072319,Scoot,,
WMTG-A0811POLE2-Zone1,-2.11956311152,52.5948371264,Detector,,Cannock Rd; near Badger Dr
WMTG-D0219Pole12-Zone1,-2.06306796132,52.5137204806,Detector,,Birmingham New Rd; Burnt Tree
N90141C,-1.91784252905,52.5340801905,Scoot,,
WMTG-E0749-Pole1-Zone1,-1.90689407127,52.4687782624,Detector,,Lee Bank Middleway; nr Ryland Rd
N61111B,-7.55715984208,49.7668072319,Scoot,,
N65151M,-7.55715984208,49.7668072319,Scoot,,
N17131U,-7.55715984208,49.7668072319,Scoot,,
WMTG-A0418POLE14-Zone1,-2.09766454195,52.5525511726,Detector,,Birmingham New Rd; Black Country
N55131K,-1.93781690725,52.5140268852,Scoot,,
N19111N,-1.88953741609,52.4811065967,Scoot,,
N43161J,-7.55715984208,49.7668072319,Scoot,,
N22111J,-7.55715984208,49.7668072319,Scoot,,
N38121L,-7.55715984208,49.7668072319,Scoot,,
WMTG-E1116-Pole4-Zone1,-1.94337019068,52.4695024827,Detector,,Augustus Rd; Norfolk Rd
N12112V,-7.55715984208,49.7668072319,Scoot,,
N74131E,-1.8220419011,52.5172719178,Scoot,,
WMTG-G0113_TCAM2-Zone1,-1.76819436445,52.4134881763,Detector,,A41 Warwick Rd; Hampton Lane
N27111W,-7.55715984208,49.7668072319,Scoot,,
N62151S,-7.55715984208,49.7668072319,Scoot,,
N62111B,-7.55715984208,49.7668072319,Scoot,,
N23121X,-7.55715984208,49.7668072319,Scoot,,
N62151P,-7.55715984208,49.7668072319,Scoot,,
WMTG-A0418POLE14-Zone2,-2.09766454195,52.5525511726,Detector,,Birmingham New Rd; Black Country
N22131T,-1.89247063184,52.4253443048,Scoot,,
N22121P,-1.89252764515,52.4260905302,Scoot,,
N38121J,-7.55715984208,49.7668072319,Scoot,,
WMTG-A0418POLE19-Zone1,-2.09672068726,52.5525699292,Detector,,Birmingham New Rd; Black Country
N19131B,-7.55715984208,49.7668072319,Scoot,,
N72111B,-7.55715984208,49.7668072319,Scoot,,
N54113D,-7.55715984208,49.7668072319,Scoot,,
N72111D,-7.55715984208,49.7668072319,Scoot,,
N96111B,-1.96872735193,52.415787515,Scoot,,
N13191V,-1.86505888442,52.4542821264,Scoot,,
N96131E,-1.96988836761,52.4165249983,Scoot,,
N96141R,-1.96980014384,52.4165339661,Scoot,,
WMTG-G0113_TCAM2-Zone3,-1.76819436445,52.4134881763,Detector,,A41 Warwick Rd; Hampton Lane
N96111C,-1.97058003456,52.4155722249,Scoot,,
WMTG-E2347-Pole1-Zone1,-1.87124124618,52.5041922983,Detector,,Lichfield Rd;near Holborn Hill
N46121T,-1.95629120457,52.4732297815,Scoot,,
WMTG-D0219Pole12-Zone2,-2.06306796132,52.5137204806,Detector,,Birmingham New Rd; Burnt Tree
N74151E,-7.55715984208,49.7668072319,Scoot,,
N83111S,-1.78353120449,52.4520125931,Scoot,,BIRM-N83111S
N24221O,-7.55715984208,49.7668072319,Scoot,,
N83182W,-7.55715984208,49.7668072319,Scoot,,BIRM-N83182W
N30162Y,-1.91787970369,52.4506176013,Scoot,,
N24121L,-7.55715984208,49.7668072319,Scoot,,
N74191A,-1.84438311038,52.5087539407,Scoot,,
N51111A,-7.55715984208,49.7668072319,Scoot,,
N51141C,-7.55715984208,49.7668072319,Scoot,,
N53141T,-7.55715984208,49.7668072319,Scoot,,
N81132D,-7.55715984208,49.7668072319,Scoot,,
N52131Z,-7.55715984208,49.7668072319,Scoot,,
N52132V,-7.55715984208,49.7668072319,Scoot,,
N52131X,-7.55715984208,49.7668072319,Scoot,,
N54131S,-7.55715984208,49.7668072319,Scoot,,
N85121G,-7.55715984208,49.7668072319,Scoot,,
N85121I,-7.55715984208,49.7668072319,Scoot,,
N58141X,-1.95550456406,52.5089555177,Scoot,,
N96122W,-7.55715984208,49.7668072319,Scoot,,
N46162Z,-7.55715984208,49.7668072319,Scoot,,
N96141Z,-1.96950534714,52.4176126976,Scoot,,
N83171Y,-7.55715984208,49.7668072319,Scoot,,BIRM-N83171Y
N54151W,-7.55715984208,49.7668072319,Scoot,,
N18111F,-7.55715984208,49.7668072319,Scoot,,
N46142P,-7.55715984208,49.7668072319,Scoot,,
N96111D,-1.96988835547,52.4165429784,Scoot,,
N18121G,-7.55715984208,49.7668072319,Scoot,,
N96131Y,-1.96922528935,52.4186195116,Scoot,,
N85121H,-7.55715984208,49.7668072319,Scoot,,
N18121H,-7.55715984208,49.7668072319,Scoot,,
N83192X,-1.80341597545,52.4607945448,Scoot,,BIRM-N83192X
N83112R,-7.55715984208,49.7668072319,Scoot,,BIRM-N83112R
N83191C,-7.55715984208,49.7668072319,Scoot,,BIRM-N83191C
N83191A,-1.79732359027,52.4574220156,Scoot,,BIRM-N83191A
N68111Q,-7.55715984208,49.7668072319,Scoot,,
N46111C,-7.55715984208,49.7668072319,Scoot,,
N96141T,-7.55715984208,49.7668072319,Scoot,,
N18111A,-7.55715984208,49.7668072319,Scoot,,
N19121J,-7.55715984208,49.7668072319,Scoot,,
N96131A,-7.55715984208,49.7668072319,Scoot,,
N81121Y,-1.84628531041,52.4659912073,Scoot,,
N18121E,-7.55715984208,49.7668072319,Scoot,,
N81181B,-1.84397640014,52.4654128305,Scoot,,
N22171S,-7.55715984208,49.7668072319,Scoot,,
N22131U,-7.55715984208,49.7668072319,Scoot,,
N38121K,-7.55715984208,49.7668072319,Scoot,,
N76121T,-7.55715984208,49.7668072319,Scoot,,
N31131F,-7.55715984208,49.7668072319,Scoot,,
N31111C,-7.55715984208,49.7668072319,Scoot,,
N31111A,-7.55715984208,49.7668072319,Scoot,,
N66211Y,-7.55715984208,49.7668072319,Scoot,,
N31111B,-7.55715984208,49.7668072319,Scoot,,
N31111D,-7.55715984208,49.7668072319,Scoot,,
N66161Q,-7.55715984208,49.7668072319,Scoot,,
N30121F,-7.55715984208,49.7668072319,Scoot,,
N66161S,-7.55715984208,49.7668072319,Scoot,,
N66161R,-7.55715984208,49.7668072319,Scoot,,
N81151S,-7.55715984208,49.7668072319,Scoot,,
N58131C,-7.55715984208,49.7668072319,Scoot,,
N42111A,-7.55715984208,49.7668072319,Scoot,,
N21111B,-1.86073873488,52.4476335121,Scoot,,
N21122E,-1.8604895733,52.4473275585,Scoot,,
N21141K,-7.55715984208,49.7668072319,Scoot,,
N81121X,-7.55715984208,49.7668072319,Scoot,,
N26111D,-7.55715984208,49.7668072319,Scoot,,
N21142Q,-7.55715984208,49.7668072319,Scoot,,
N26111B,-7.55715984208,49.7668072319,Scoot,,
N26111C,-7.55715984208,49.7668072319,Scoot,,
N26111A,-7.55715984208,49.7668072319,Scoot,,
N58131A,-7.55715984208,49.7668072319,Scoot,,
N58141Y,-7.55715984208,49.7668072319,Scoot,,
N48131C,-7.55715984208,49.7668072319,Scoot,,
N37121K,-7.55715984208,49.7668072319,Scoot,,
N57171P,-7.55715984208,49.7668072319,Scoot,,
N66181K,-7.55715984208,49.7668072319,Scoot,,
N37121L,-7.55715984208,49.7668072319,Scoot,,
N64112L,-7.55715984208,49.7668072319,Scoot,,
N24221M,-7.55715984208,49.7668072319,Scoot,,
N66111D,-7.55715984208,49.7668072319,Scoot,,
N34161D,-7.55715984208,49.7668072319,Scoot,,
N44131D,-1.94267550955,52.4716777232,Scoot,,
N37111B,-7.55715984208,49.7668072319,Scoot,,
N37111A,-7.55715984208,49.7668072319,Scoot,,
N35111F,-7.55715984208,49.7668072319,Scoot,,
N37111C,-7.55715984208,49.7668072319,Scoot,,
N81171H,-7.55715984208,49.7668072319,Scoot,,
N92121D,-7.55715984208,49.7668072319,Scoot,,
N92142Y,-7.55715984208,49.7668072319,Scoot,,
N92131R,-7.55715984208,49.7668072319,Scoot,,
N92121A,-7.55715984208,49.7668072319,Scoot,,
N81141A,-7.55715984208,49.7668072319,Scoot,,
N92121E,-7.55715984208,49.7668072319,Scoot,,
N48141F,-7.55715984208,49.7668072319,Scoot,,
N92121B,-7.55715984208,49.7668072319,Scoot,,
N59111P,-1.92292711602,52.5011176268,Scoot,,
N56121H,-7.55715984208,49.7668072319,Scoot,,
N71171L,-7.55715984208,49.7668072319,Scoot,,
N71151B,-7.55715984208,49.7668072319,Scoot,,
N57131T,-1.92509216729,52.5013707302,Scoot,,
N53113C,-7.55715984208,49.7668072319,Scoot,,
N75121X,-7.55715984208,49.7668072319,Scoot,,
N52131W,-7.55715984208,49.7668072319,Scoot,,
N75111B,-7.55715984208,49.7668072319,Scoot,,
N75111A,-7.55715984208,49.7668072319,Scoot,,
N75121Z,-7.55715984208,49.7668072319,Scoot,,
N12141W,-7.55715984208,49.7668072319,Scoot,,
N57151K,-7.55715984208,49.7668072319,Scoot,,
N92131T,-7.55715984208,49.7668072319,Scoot,,
N76111C,-7.55715984208,49.7668072319,Scoot,,
N91112D,-7.55715984208,49.7668072319,Scoot,,
N92111H,-1.85719548186,52.5470220551,Scoot,,
N56131Y,-7.55715984208,49.7668072319,Scoot,,
N57142X,-7.55715984208,49.7668072319,Scoot,,
N91111C,-7.55715984208,49.7668072319,Scoot,,
N90141A,-7.55715984208,49.7668072319,Scoot,,
N92142X,-7.55715984208,49.7668072319,Scoot,,
N57161C,-7.55715984208,49.7668072319,Scoot,,
N66211X,-7.55715984208,49.7668072319,Scoot,,
N91111B,-7.55715984208,49.7668072319,Scoot,,
N66172M,-7.55715984208,49.7668072319,Scoot,,
N44192L,-7.55715984208,49.7668072319,Scoot,,
N66171L,-7.55715984208,49.7668072319,Scoot,,
N92131V,-7.55715984208,49.7668072319,Scoot,,
N90172G,-7.55715984208,49.7668072319,Scoot,,
N90131N,-7.55715984208,49.7668072319,Scoot,,
N56111A,-7.55715984208,49.7668072319,Scoot,,
N92131Q,-7.55715984208,49.7668072319,Scoot,,
N92111B,-1.85526401898,52.5469208254,Scoot,,
N91111A,-7.55715984208,49.7668072319,Scoot,,
N92111D,-1.8571102085,52.5460330674,Scoot,,
N69111B,-7.55715984208,49.7668072319,Scoot,,
N35112G,-7.55715984208,49.7668072319,Scoot,,
N59121Z,-7.55715984208,49.7668072319,Scoot,,
N59121X,-7.55715984208,49.7668072319,Scoot,,
N59111R,-7.55715984208,49.7668072319,Scoot,,
N82161D,-7.55715984208,49.7668072319,Scoot,,
N79111F,-7.55715984208,49.7668072319,Scoot,,
N79111D,-7.55715984208,49.7668072319,Scoot,,
N57151N,-7.55715984208,49.7668072319,Scoot,,
N69111A,-7.55715984208,49.7668072319,Scoot,,
N57161E,-7.55715984208,49.7668072319,Scoot,,
N69111D,-7.55715984208,49.7668072319,Scoot,,
N79111A,-7.55715984208,49.7668072319,Scoot,,
N69111E,-7.55715984208,49.7668072319,Scoot,,
N65131F,-7.55715984208,49.7668072319,Scoot,,
N35132K,-7.55715984208,49.7668072319,Scoot,,
N59111S,-7.55715984208,49.7668072319,Scoot,,
N71161A,-7.55715984208,49.7668072319,Scoot,,
N31132G,-7.55715984208,49.7668072319,Scoot,,
N39151U,-7.55715984208,49.7668072319,Scoot,,
N19132K,-7.55715984208,49.7668072319,Scoot,,
N15121F,-7.55715984208,49.7668072319,Scoot,,
N68111P,-7.55715984208,49.7668072319,Scoot,,
N50111A,-7.55715984208,49.7668072319,Scoot,,
N39161R,-7.55715984208,49.7668072319,Scoot,,
N82141Q,-7.55715984208,49.7668072319,Scoot,,
N87132C,-7.55715984208,49.7668072319,Scoot,,
N58141M,-7.55715984208,49.7668072319,Scoot,,
N30131P,-7.55715984208,49.7668072319,Scoot,,
N39161T,-7.55715984208,49.7668072319,Scoot,,
N39171G,-7.55715984208,49.7668072319,Scoot,,
N39171J,-7.55715984208,49.7668072319,Scoot,,
N39181M,-7.55715984208,49.7668072319,Scoot,,
N58133P,-1.95329554111,52.5079657808,Scoot,,
N68111S,-7.55715984208,49.7668072319,Scoot,,
N14121J,-7.55715984208,49.7668072319,Scoot,,
N58141L,-7.55715984208,49.7668072319,Scoot,,
N39121D,-7.55715984208,49.7668072319,Scoot,,
N87121I,-7.55715984208,49.7668072319,Scoot,,
N82131D,-7.55715984208,49.7668072319,Scoot,,BIRM-N82131D2
N44131C,-7.55715984208,49.7668072319,Scoot,,
N32122K,-7.55715984208,49.7668072319,Scoot,,
N95142G,-7.55715984208,49.7668072319,Scoot,,
N78111D,-7.55715984208,49.7668072319,Scoot,,
N58131D,-7.55715984208,49.7668072319,Scoot,,
N87131A,-7.55715984208,49.7668072319,Scoot,,
N39121A,-7.55715984208,49.7668072319,Scoot,,
N50111B,-7.55715984208,49.7668072319,Scoot,,
N95112H,-7.55715984208,49.7668072319,Scoot,,
N39131N,-7.55715984208,49.7668072319,Scoot,,
N19131F,-7.55715984208,49.7668072319,Scoot,,
N39131T,-7.55715984208,49.7668072319,Scoot,,
N87121G,-7.55715984208,49.7668072319,Scoot,,
N32111D,-7.55715984208,49.7668072319,Scoot,,
N39131V,-7.55715984208,49.7668072319,Scoot,,
N39181N,-7.55715984208,49.7668072319,Scoot,,
N39111P,-7.55715984208,49.7668072319,Scoot,,
N50111C,-7.55715984208,49.7668072319,Scoot,,
N15122B,-7.55715984208,49.7668072319,Scoot,,
N15121G,-7.55715984208,49.7668072319,Scoot,,
N15121H,-1.8778333156,52.4537925408,Scoot,,
N39111Q,-7.55715984208,49.7668072319,Scoot,,
N57151M,-7.55715984208,49.7668072319,Scoot,,
N39121B,-7.55715984208,49.7668072319,Scoot,,
N95131M,-7.55715984208,49.7668072319,Scoot,,
N15111C,-1.8779386046,52.4529655689,Scoot,,
N82131C,-7.55715984208,49.7668072319,Scoot,,
N58121K,-7.55715984208,49.7668072319,Scoot,,
N95122B,-7.55715984208,49.7668072319,Scoot,,
N95131L,-7.55715984208,49.7668072319,Scoot,,
N87131B,-7.55715984208,49.7668072319,Scoot,,
N87132D,-7.55715984208,49.7668072319,Scoot,,
N78111B,-7.55715984208,49.7668072319,Scoot,,
N95121D,-7.55715984208,49.7668072319,Scoot,,
N95121C,-7.55715984208,49.7668072319,Scoot,,
N15122A,-7.55715984208,49.7668072319,Scoot,,
N95111J,-7.55715984208,49.7668072319,Scoot,,
N95111I,-7.55715984208,49.7668072319,Scoot,,
N44121Y,-7.55715984208,49.7668072319,Scoot,,
N78111A,-7.55715984208,49.7668072319,Scoot,,
N39171L,-7.55715984208,49.7668072319,Scoot,,
N58131B,-7.55715984208,49.7668072319,Scoot,,
N39121C,-7.55715984208,49.7668072319,Scoot,,
N74191D,-7.55715984208,49.7668072319,Scoot,,
N82151K,-7.55715984208,49.7668072319,Scoot,,
N14151T,-7.55715984208,49.7668072319,Scoot,,
N50111D,-7.55715984208,49.7668072319,Scoot,,
N87121H,-7.55715984208,49.7668072319,Scoot,,
N78111C,-7.55715984208,49.7668072319,Scoot,,
N43131S,-7.55715984208,49.7668072319,Scoot,,
N95122N,-7.55715984208,49.7668072319,Scoot,,
N68121Z,-7.55715984208,49.7668072319,Scoot,,
N95142F,-7.55715984208,49.7668072319,Scoot,,
N74211X,-7.55715984208,49.7668072319,Scoot,,
N56121L,-7.55715984208,49.7668072319,Scoot,,
N66151A,-7.55715984208,49.7668072319,Scoot,,
N64121R,-7.55715984208,49.7668072319,Scoot,,
N76121R,-7.55715984208,49.7668072319,Scoot,,
N11131A,-7.55715984208,49.7668072319,Scoot,,
N71111G,-7.55715984208,49.7668072319,Scoot,,
N71111E,-7.55715984208,49.7668072319,Scoot,,
N63131C,-7.55715984208,49.7668072319,Scoot,,
N66191X,-7.55715984208,49.7668072319,Scoot,,
N77111P,-7.55715984208,49.7668072319,Scoot,,
N62111A,-1.89705738317,52.5271867252,Scoot,,
N83172A,-7.55715984208,49.7668072319,Scoot,,BIRM-N83172A
N34152T,-1.93977699055,52.4380087488,Scoot,,
N34151Y,-1.93967569448,52.4367770641,Scoot,,
N85112F,-7.55715984208,49.7668072319,Scoot,,
N34142Y,-1.94591491029,52.4348831724,Scoot,,
N11112G,-7.55715984208,49.7668072319,Scoot,,
N77111Q,-7.55715984208,49.7668072319,Scoot,,
N64111Y,-7.55715984208,49.7668072319,Scoot,,
N34151V,-7.55715984208,49.7668072319,Scoot,,
N74181B,-7.55715984208,49.7668072319,Scoot,,
N66191Y,-7.55715984208,49.7668072319,Scoot,,
N34171P,-1.94504531789,52.4363031977,Scoot,,
N84131A,-7.55715984208,49.7668072319,Scoot,,
N64111X,-7.55715984208,49.7668072319,Scoot,,
N82122J,-7.55715984208,49.7668072319,Scoot,,
N65111T,-7.55715984208,49.7668072319,Scoot,,
N66111C,-7.55715984208,49.7668072319,Scoot,,
N82112Y,-7.55715984208,49.7668072319,Scoot,,
N43111A,-7.55715984208,49.7668072319,Scoot,,
N83221K,-7.55715984208,49.7668072319,Scoot,,
N81131X,-1.86686978878,52.47354073,Scoot,,
N63131E,-7.55715984208,49.7668072319,Scoot,,
N12111C,-7.55715984208,49.7668072319,Scoot,,
N65132X,-7.55715984208,49.7668072319,Scoot,,
N74144Y,-7.55715984208,49.7668072319,Scoot,,
N71141T,-7.55715984208,49.7668072319,Scoot,,
N66192F,-7.55715984208,49.7668072319,Scoot,,
N65131C,-7.55715984208,49.7668072319,Scoot,,
N65131B,-7.55715984208,49.7668072319,Scoot,,
N65121E,-7.55715984208,49.7668072319,Scoot,,
N76121V,-7.55715984208,49.7668072319,Scoot,,
N74142X,-7.55715984208,49.7668072319,Scoot,,
N71141P,-7.55715984208,49.7668072319,Scoot,,
N75121Y,-7.55715984208,49.7668072319,Scoot,,
N65111S,-7.55715984208,49.7668072319,Scoot,,
N64151D,-1.82447864937,52.5640948248,Scoot,,
N71161D,-7.55715984208,49.7668072319,Scoot,,
N64141J,-7.55715984208,49.7668072319,Scoot,,
N66181M,-7.55715984208,49.7668072319,Scoot,,
N63121J,-7.55715984208,49.7668072319,Scoot,,
N74181A,-7.55715984208,49.7668072319,Scoot,,
N76131L,-7.55715984208,49.7668072319,Scoot,,
N85112E,-7.55715984208,49.7668072319,Scoot,,
N19121H,-7.55715984208,49.7668072319,Scoot,,
N64131K,-7.55715984208,49.7668072319,Scoot,,
N77121A,-7.55715984208,49.7668072319,Scoot,,
N83221J,-7.55715984208,49.7668072319,Scoot,,
N43131R,-7.55715984208,49.7668072319,Scoot,,
N81161E,-7.55715984208,49.7668072319,Scoot,,
N83221L,-7.55715984208,49.7668072319,Scoot,,BIRM-N83221L
N77121B,-7.55715984208,49.7668072319,Scoot,,
N74222F,-7.55715984208,49.7668072319,Scoot,,
N63132F,-7.55715984208,49.7668072319,Scoot,,
N66111A,-7.55715984208,49.7668072319,Scoot,,
N87111F,-7.55715984208,49.7668072319,Scoot,,
N83221H,-7.55715984208,49.7668072319,Scoot,,BIRM-N83221H
N17111N,-7.55715984208,49.7668072319,Scoot,,
N19141W,-7.55715984208,49.7668072319,Scoot,,
N64151C,-1.82449340154,52.5640948466,Scoot,,
N71162Y,-7.55715984208,49.7668072319,Scoot,,
N87111E,-7.55715984208,49.7668072319,Scoot,,
N82161E,-7.55715984208,49.7668072319,Scoot,,
N77121D,-7.55715984208,49.7668072319,Scoot,,
N77121C,-7.55715984208,49.7668072319,Scoot,,
N62131D,-1.8968359913,52.5273123914,Scoot,,
N83221G,-7.55715984208,49.7668072319,Scoot,,BIRM-N83221G
N76131M,-7.55715984208,49.7668072319,Scoot,,
N63111R,-7.55715984208,49.7668072319,Scoot,,
N74131B,-7.55715984208,49.7668072319,Scoot,,
N74161R,-7.55715984208,49.7668072319,Scoot,,
N74161T,-7.55715984208,49.7668072319,Scoot,,
N74162D,-7.55715984208,49.7668072319,Scoot,,
N77111S,-7.55715984208,49.7668072319,Scoot,,
N63131A,-7.55715984208,49.7668072319,Scoot,,
N74171L,-7.55715984208,49.7668072319,Scoot,,
N74181C,-7.55715984208,49.7668072319,Scoot,,
N71171J,-7.55715984208,49.7668072319,Scoot,,
N77111R,-7.55715984208,49.7668072319,Scoot,,
N63131B,-7.55715984208,49.7668072319,Scoot,,
N62142K,-7.55715984208,49.7668072319,Scoot,,
N71141Q,-7.55715984208,49.7668072319,Scoot,,
N54141N,-7.55715984208,49.7668072319,Scoot,,
N71182F,-7.55715984208,49.7668072319,Scoot,,
N82161A,-7.55715984208,49.7668072319,Scoot,,
N75121W,-7.55715984208,49.7668072319,Scoot,,
N74141T,-7.55715984208,49.7668072319,Scoot,,
N71161B,-7.55715984208,49.7668072319,Scoot,,
N64151A,-7.55715984208,49.7668072319,Scoot,,
N63131D,-7.55715984208,49.7668072319,Scoot,,
N54152T,-7.55715984208,49.7668072319,Scoot,,
N17122K,-7.55715984208,49.7668072319,Scoot,,
N71181B,-7.55715984208,49.7668072319,Scoot,,
N83151M,-7.55715984208,49.7668072319,Scoot,,BIRM-N83151M
N75111C,-7.55715984208,49.7668072319,Scoot,,
N76131Q,-7.55715984208,49.7668072319,Scoot,,
N83161X,-7.55715984208,49.7668072319,Scoot,,BIRM-N83161X
N75111D,-7.55715984208,49.7668072319,Scoot,,
N82141P,-7.55715984208,49.7668072319,Scoot,,
N65121F,-7.55715984208,49.7668072319,Scoot,,
N65141K,-7.55715984208,49.7668072319,Scoot,,
N82123L,-7.55715984208,49.7668072319,Scoot,,
N81131N,-7.55715984208,49.7668072319,Scoot,,
N64152S,-7.55715984208,49.7668072319,Scoot,,
N54141L,-7.55715984208,49.7668072319,Scoot,,
N82131A,-1.83469673928,52.4632246706,Scoot,,BIRM-82131A2
N21121P,-7.55715984208,49.7668072319,Scoot,,
N14121E,-1.88792513873,52.4549442407,Scoot,,
N46171F,-7.55715984208,49.7668072319,Scoot,,
N25124D,-7.55715984208,49.7668072319,Scoot,,
N13141T,-7.55715984208,49.7668072319,Scoot,,
N16111X,-7.55715984208,49.7668072319,Scoot,,
N24121K,-7.55715984208,49.7668072319,Scoot,,
N36131L,-1.973345814,52.4127499961,Scoot,,
N16111A,-7.55715984208,49.7668072319,Scoot,,
N17111D,-7.55715984208,49.7668072319,Scoot,,
N38141T,-7.55715984208,49.7668072319,Scoot,,
N13171A,-7.55715984208,49.7668072319,Scoot,,
N14131S,-1.88965278414,52.446675055,Scoot,,
N24131B,-7.55715984208,49.7668072319,Scoot,,
N14122D,-1.88614150727,52.4561202313,Scoot,,
N14141L,-7.55715984208,49.7668072319,Scoot,,
N22142L,-7.55715984208,49.7668072319,Scoot,,
N21131D,-7.55715984208,49.7668072319,Scoot,,
N51141D,-1.91256301879,52.4903135324,Scoot,,
N14122C,-1.88557852916,52.457576069,Scoot,,
N13171B,-7.55715984208,49.7668072319,Scoot,,
N56121K,-7.55715984208,49.7668072319,Scoot,,
N46133N,-7.55715984208,49.7668072319,Scoot,,
N28111Z,-7.55715984208,49.7668072319,Scoot,,
N44212Q,-7.55715984208,49.7668072319,Scoot,,
N11111B,-7.55715984208,49.7668072319,Scoot,,
N21122F,-1.86007996467,52.4465809043,Scoot,,
N52121I,-7.55715984208,49.7668072319,Scoot,,
N48111F,-7.55715984208,49.7668072319,Scoot,,
N13191W,-7.55715984208,49.7668072319,Scoot,,
N15111B,-7.55715984208,49.7668072319,Scoot,,
N22151B,-7.55715984208,49.7668072319,Scoot,,
N16111W,-7.55715984208,49.7668072319,Scoot,,
N17151U,-7.55715984208,49.7668072319,Scoot,,
N22151A,-7.55715984208,49.7668072319,Scoot,,
N25111X,-7.55715984208,49.7668072319,Scoot,,
N14121F,-1.88596375556,52.4565695604,Scoot,,
N16111Y,-7.55715984208,49.7668072319,Scoot,,
N13161B,-7.55715984208,49.7668072319,Scoot,,
N14121H,-7.55715984208,49.7668072319,Scoot,,
N11111K,-7.55715984208,49.7668072319,Scoot,,
N11112F,-7.55715984208,49.7668072319,Scoot,,
N13121M,-7.55715984208,49.7668072319,Scoot,,
N13111C,-1.88496145094,52.4628436076,Scoot,,
N12141F,-7.55715984208,49.7668072319,Scoot,,
N46171B,-7.55715984208,49.7668072319,Scoot,,
N13131P,-7.55715984208,49.7668072319,Scoot,,
N56111C,-7.55715984208,49.7668072319,Scoot,,
N17141Y,-7.55715984208,49.7668072319,Scoot,,
N13141X,-7.55715984208,49.7668072319,Scoot,,
JTMS42,-1.79525602173,52.4558092481,Detector,I/B,6A - A45 New Coventry Rd I/B
N12121C,-7.55715984208,49.7668072319,Scoot,,
N23122A,-7.55715984208,49.7668072319,Scoot,,
N22171R,-7.55715984208,49.7668072319,Scoot,,
N13131N,-7.55715984208,49.7668072319,Scoot,,
N12133E,-7.55715984208,49.7668072319,Scoot,,
N54131T,-7.55715984208,49.7668072319,Scoot,,
N48121B,-7.55715984208,49.7668072319,Scoot,,
N44161R,-7.55715984208,49.7668072319,Scoot,,
N13192A,-7.55715984208,49.7668072319,Scoot,,
N22121Q,-7.55715984208,49.7668072319,Scoot,,
N13211H,-7.55715984208,49.7668072319,Scoot,,
N12141G,-7.55715984208,49.7668072319,Scoot,,
N15111D,-7.55715984208,49.7668072319,Scoot,,
N17131W,-7.55715984208,49.7668072319,Scoot,,
N54122X,-7.55715984208,49.7668072319,Scoot,,
N57141B,-7.55715984208,49.7668072319,Scoot,,
N17142X,-7.55715984208,49.7668072319,Scoot,,
N24131D,-7.55715984208,49.7668072319,Scoot,,
N13212K,-7.55715984208,49.7668072319,Scoot,,
N17152T,-7.55715984208,49.7668072319,Scoot,,
N25131A,-7.55715984208,49.7668072319,Scoot,,
N53151D,-1.89541850548,52.4910098656,Scoot,,
N48141E,-7.55715984208,49.7668072319,Scoot,,
N24121J,-7.55715984208,49.7668072319,Scoot,,
N36111A,-1.97368533535,52.410403665,Scoot,,
N13182F,-7.55715984208,49.7668072319,Scoot,,
N46111A,-7.55715984208,49.7668072319,Scoot,,
N48122L,-7.55715984208,49.7668072319,Scoot,,
N11131B,-7.55715984208,49.7668072319,Scoot,,
N22161D,-1.89271016781,52.4357370052,Scoot,,
N25111T,-7.55715984208,49.7668072319,Scoot,,
N13211F,-7.55715984208,49.7668072319,Scoot,,
N12112T,-7.55715984208,49.7668072319,Scoot,,
N21121J,-1.85918940125,52.4444042652,Scoot,,
N57161A,-7.55715984208,49.7668072319,Scoot,,
N48131A,-7.55715984208,49.7668072319,Scoot,,
N21121G,-7.55715984208,49.7668072319,Scoot,,
N46133M,-7.55715984208,49.7668072319,Scoot,,
N51131P,-7.55715984208,49.7668072319,Scoot,,
N53211F,-7.55715984208,49.7668072319,Scoot,,
N13141V,-7.55715984208,49.7668072319,Scoot,,
N33142E,-7.55715984208,49.7668072319,Scoot,,
N13212J,-7.55715984208,49.7668072319,Scoot,,
N25121C,-7.55715984208,49.7668072319,Scoot,,
N55113Y,-7.55715984208,49.7668072319,Scoot,,
N13191T,-7.55715984208,49.7668072319,Scoot,,
N22121N,-7.55715984208,49.7668072319,Scoot,,
N19141Y,-7.55715984208,49.7668072319,Scoot,,
N12111P,-7.55715984208,49.7668072319,Scoot,,
N25123E,-7.55715984208,49.7668072319,Scoot,,
N48111E,-7.55715984208,49.7668072319,Scoot,,
N13131R,-7.55715984208,49.7668072319,Scoot,,
N12111R,-7.55715984208,49.7668072319,Scoot,,
N22161C,-7.55715984208,49.7668072319,Scoot,,
N43122S,-7.55715984208,49.7668072319,Scoot,,
N46151W,-7.55715984208,49.7668072319,Scoot,,
N46141Q,-7.55715984208,49.7668072319,Scoot,,
N46133Q,-7.55715984208,49.7668072319,Scoot,,
N46133P,-7.55715984208,49.7668072319,Scoot,,
N46132L,-7.55715984208,49.7668072319,Scoot,,
N46111D,-7.55715984208,49.7668072319,Scoot,,
N46111B,-7.55715984208,49.7668072319,Scoot,,
N44131E,-7.55715984208,49.7668072319,Scoot,,
N44122T,-7.55715984208,49.7668072319,Scoot,,
JTMS39,-1.8956527258,52.4978514159,Detector,O/B,4A - A34 O/B Newtown
N44122S,-7.55715984208,49.7668072319,Scoot,,
N43191Q,-7.55715984208,49.7668072319,Scoot,,
N43181A,-7.55715984208,49.7668072319,Scoot,,
N43171K,-7.55715984208,49.7668072319,Scoot,,
N46171A,-7.55715984208,49.7668072319,Scoot,,
N43121T,-7.55715984208,49.7668072319,Scoot,,
N43111B,-7.55715984208,49.7668072319,Scoot,,
N42113H,-7.55715984208,49.7668072319,Scoot,,
N43141V,-7.55715984208,49.7668072319,Scoot,,
N42111D,-7.55715984208,49.7668072319,Scoot,,
N42111C,-7.55715984208,49.7668072319,Scoot,,
N44111A,-1.92260951664,52.4721518021,Scoot,,
N21131Y,-7.55715984208,49.7668072319,Scoot,,
N43151N,-7.55715984208,49.7668072319,Scoot,,
N44141F,-7.55715984208,49.7668072319,Scoot,,
N43211Y,-7.55715984208,49.7668072319,Scoot,,
JTMS69,-1.89964736523,52.4706692386,Detector,O/B,28A - A38 (SoC) O/B Bristol St
N36141Q,-7.55715984208,49.7668072319,Scoot,,
N51141A,-1.91188171911,52.4922368764,Scoot,,
N54131R,-7.55715984208,49.7668072319,Scoot,,
N54141M,-7.55715984208,49.7668072319,Scoot,,
N54162V,-7.55715984208,49.7668072319,Scoot,,
N54112J,-7.55715984208,49.7668072319,Scoot,,
N53211G,-7.55715984208,49.7668072319,Scoot,,
N53211B,-7.55715984208,49.7668072319,Scoot,,
N53211A,-7.55715984208,49.7668072319,Scoot,,
N53181X,-7.55715984208,49.7668072319,Scoot,,
N53163Z,-7.55715984208,49.7668072319,Scoot,,
N53161M,-1.8988440645,52.4936378992,Scoot,,
N53141R,-7.55715984208,49.7668072319,Scoot,,
N55111S,-1.94836856786,52.5131149645,Scoot,,
N55112T,-7.55715984208,49.7668072319,Scoot,,
N51141B,-1.91023251115,52.4920648316,Scoot,,
N51131S,-7.55715984208,49.7668072319,Scoot,,
N55121A,-7.55715984208,49.7668072319,Scoot,,
N55131J,-7.55715984208,49.7668072319,Scoot,,
N48161K,-7.55715984208,49.7668072319,Scoot,,
N56111D,-7.55715984208,49.7668072319,Scoot,,
N57161B,-7.55715984208,49.7668072319,Scoot,,
N48122J,-7.55715984208,49.7668072319,Scoot,,
N57171R,-7.55715984208,49.7668072319,Scoot,,
N48121C,-7.55715984208,49.7668072319,Scoot,,
N48121A,-7.55715984208,49.7668072319,Scoot,,
N46171E,-7.55715984208,49.7668072319,Scoot,,
N46171D,-7.55715984208,49.7668072319,Scoot,,
N46171C,-7.55715984208,49.7668072319,Scoot,,
N43191R,-7.55715984208,49.7668072319,Scoot,,
N48121F,-7.55715984208,49.7668072319,Scoot,,
N33111R,-7.55715984208,49.7668072319,Scoot,,
N57161D,-7.55715984208,49.7668072319,Scoot,,
N32111C,-7.55715984208,49.7668072319,Scoot,,
N28111Y,-7.55715984208,49.7668072319,Scoot,,
N28111X,-7.55715984208,49.7668072319,Scoot,,
N25142R,-7.55715984208,49.7668072319,Scoot,,
N25141P,-7.55715984208,49.7668072319,Scoot,,
N47111M,-1.91432778739,52.4764163486,Scoot,,
N25141N,-7.55715984208,49.7668072319,Scoot,,
N34111H,-7.55715984208,49.7668072319,Scoot,,
JTMS41,-1.7608895075,52.4512048891,Detector,O/B,5B - A45  Coventry Road O/B
N25131B,-7.55715984208,49.7668072319,Scoot,,
N48122K,-7.55715984208,49.7668072319,Scoot,,
N43141Y,-7.55715984208,49.7668072319,Scoot,,
N25112A,-7.55715984208,49.7668072319,Scoot,,
N34121E,-7.55715984208,49.7668072319,Scoot,,
N36131R,-7.55715984208,49.7668072319,Scoot,,
N24131A,-7.55715984208,49.7668072319,Scoot,,
N36121M,-7.55715984208,49.7668072319,Scoot,,
N34182C,-1.94886059238,52.4315222049,Scoot,,
N53211C,-7.55715984208,49.7668072319,Scoot,,
N22111H,-7.55715984208,49.7668072319,Scoot,,
N38131D,-7.55715984208,49.7668072319,Scoot,,
N34131F,-1.93986445908,52.4385931446,Scoot,,
N47111J,-7.55715984208,49.7668072319,Scoot,,
N34162E,-1.94560583297,52.4350358618,Scoot,,
N46151V,-7.55715984208,49.7668072319,Scoot,,
N36121Z,-1.97330147243,52.4131455489,Scoot,,
N55121B,-7.55715984208,49.7668072319,Scoot,,
JTMS61,-1.87798791995,52.4670978896,Detector,O/B,19B - A34 (SoC) O/B Stratford Rd
N33112Q,-7.55715984208,49.7668072319,Scoot,,
N34152S,-1.93995206376,52.4390786501,Scoot,,
N38141S,-7.55715984208,49.7668072319,Scoot,,
N34151X,-1.93980589847,52.4383863444,Scoot,,
N43171J,-7.55715984208,49.7668072319,Scoot,,
N34131E,-1.93986442253,52.4386201147,Scoot,,
N33151M,-7.55715984208,49.7668072319,Scoot,,
N55113X,-1.94757191127,52.5139237077,Scoot,,
N48153J,-7.55715984208,49.7668072319,Scoot,,
JTMS52,-1.90106935415,52.4864927686,Detector,I/B,13B - A41(NoC I/B OSH Summerlane
N81182X,-7.55715984208,49.7668072319,Scoot,,
JTMS56,-1.92221173692,52.4723223515,Detector,I/B,15B - A456I/B Hagley Rd/FiveWays
JTMS62,-1.86656619925,52.4570617433,Detector,O/B,20A - A41 (SoC) O/B Warwick Rd
JTMS40,-1.92526316707,52.5396498228,Detector,O/B,4B - A34 O/B WalsallRd, PBeeches
N35121H,-7.55715984208,49.7668072319,Scoot,,
N34181B,-7.55715984208,49.7668072319,Scoot,,
WMID-JTMS8,-2.07001628424,52.5833339941,Detector,O/B,4B - A454 O/B Nr The keyway
JTMS37,-1.90805168503,52.5279778718,Detector,I/B,3A - A34 I/B Walsall Road
JTMS65,-1.92182058057,52.4854114788,Detector,O/B,24A - A457 O/B Spring Hill
WMID-JTMS7,-2.1144290556,52.5848006084,Detector,O/B,4A -  A454 O/B Nr Horsley Fields
WMID-JTMS6,-2.11590466285,52.5846823028,Detector,I/B,3B - A454 I/B Nr Horseley Fields
WMID-JTMS5,-2.069440182,52.5830107017,Detector,I/B,3A - A454 I/B Nr The keyway
JTMS48,-1.83312492454,52.4195129578,Detector,I/B,12A - A34 (SoC) Stratford Rd I/B
WMID-JTMS17,-2.09433680663,52.5482027892,Detector,O/B,9B1 - A4123 O/B Nr Hessian close
WMID-JTMS64,-2.00205164317,52.567703562,Detector,O/B,8 - A461 SoC O/B Bescot Rd
WMID-JTMS20,-2.1373795942,52.5847941388,Detector,O/B,11A - A454 O/B Nr Brewery Rd
JTMS50,-1.9186157572,52.4984717106,Detector,I/B,13A1 -A41 I/B (NoC) Soho Hill
WMID-JTMS13,-2.09452814823,52.5480318289,Detector,I/B,7A - A4123 I/B Nr Hessian close
JTMS47,-1.87731783418,52.4910914133,Detector,O/B,11A - A47 O/B Nechells Parkway
JTMS58,-1.94786808298,52.4876462814,Detector,I/B,18A - A457 I/B Dudley Road
JTMS45,-1.97600935768,52.4080217866,Detector,I/B,9A-A38I/B(SoC)  Bristol Rd South
WMID-JTMS73,-1.96820803361,52.5871443448,Detector,O/B,17 - A4148 O/B Brdwy Nth Nr Arb
WMID-JTMS23,-2.13334859481,52.5793689109,Detector,O/B,13A - A449 O/B Nr Penn Rd Island
WMID-JTMS74,-1.97440641076,52.5885572302,Detector,W/B,18 - A4148 W/B Bdwy Nt Nr Wrd st
JTMS70,-2.00905260726,52.3955725427,Detector,O/B,28B - A38(SoC)O/B BristolRdSouth
WMID-JTMS11,-2.1201215596,52.583140835,Detector,O/B,6A -A41 O/B Nr Bilstn str Islnd
WMID-JTMS57,-1.98532851572,52.5904828775,Detector,I/B,1 - B4120 I/B Stfd St Nr Ptld St
WMID-JTMS10,-2.12048995646,52.5829336944,Detector,I/B,5B - A41 I/B Nr Bilstn st Islnd
WMID-JTMS42,-2.14049764789,52.4476583952,Detector,,7B - A491 Hagley Rd Nr Field Ln
JTMS54,-1.95846554642,52.5094959821,Detector,O/B,14B - A41 (NoC) Holyhead Rd O/B
WMID-JTMS46,-2.12931671096,52.4580905889,Detector,,9B - A458 Stbdg Rd Nr Hckmn St
WMID-JTMS18,-2.12181587624,52.5661483438,Detector,O/B,9B2 - A4039 O/B Nr Parkfield Rd
JTMS60,-1.8342671831,52.4207551898,Detector,O/B,19A - A34 (SoC) O/B Stratford Rd
WMID-JTMS22,-2.13326190817,52.5799803159,Detector,I/B,12B - A449 I/B Nr Penn Rd Island
JTMS66,-1.94099246469,52.4863485151,Detector,O/B,24B - A457 O/B Dudley Road
WMID-JTMS56,-2.05636121201,52.5120427665,Detector,W/B,4B - A4123 W/B New Birmingham Rd
WMID-JTMS14,-2.12217074682,52.566435652,Detector,I/B,8A -  A4039 I/B Nr Parkfield Rd
JTMS68,-1.89830328115,52.4854206254,Detector,O/B,27A - A38(NoC)O/B StChadsQuenswy
WMID-JTMS49,-2.07832220035,52.4741645947,Detector,W/B,1A - A4100 W/B Upper High st
WMID-JTMS21,-2.16611547432,52.5574281777,Detector,I/B,12A -A449 I/B Nr Vicarage Rd
WMID-JTMS63,-2.00233196036,52.5677305257,Detector,I/B,7 - A461 I/B Bescot Rd  Lane 1
JTMS36,-1.89093497212,52.4875896479,Detector,I/B,2B - A38 (NoC)  I/B - Lanc Circ
WMID-JTMS39,-2.1094480963,52.4991498714,Detector,,6A - A4036 Highgt Rd Nr Stbdg Rd
WMID-JTMS52,-2.07670405136,52.4749028359,Detector,E/B,2B - A4100 E/B Upper High st
WMID-JTMS24,-2.16558430686,52.5573839736,Detector,O/B,13B - A449 O/B Nr Vicarage Rd
WMID-JTMS19,-2.13732092355,52.5849110744,Detector,I/B,10B - A454 I/B Nr Brewery Rd
JTMS55,-1.94382389736,52.4715793818,Detector,I/B,15A1 -  A456 Hagley Rd I/B
WMID-JTMS51,-2.09279956238,52.4697849655,Detector,E/B,2A - A4100 E/B Fge Ln Nr Pool Rd
WMID-JTMS25,-2.09703038283,52.5525606853,Detector,O/B,14A - A463 O/B Nr Birm new Rd
WMID-JTMS28,-2.09669079428,52.5523901567,Detector,I/B,15B - A463 I/B Nr Birm new Rd
WMID-JTMS50,-2.09012012402,52.4696521933,Detector,W/B,1B - A4100 W/B Fge Ln Nr Pool Rd
WMID-JTMS4,-2.12545295828,52.635941178,Detector,O/B,2B - A449 O/B Strfd Rd Nr M54 J2
WMID-JTMS1,-2.12501007829,52.6360854826,Detector,I/B,1A - A449 I/B Strfd Rd Nr M54 J2
WMID-JTMS36,-2.09019749971,52.5073829446,Detector,,4B - A4101 King St Nr Flood St
WMID-JTMS92,-1.48784756611,52.4078870121,Detector,S/B,6B - A444 S/B Brighton Street
WMTG-E2112-Pole4-Zone1,-1.78854271191,52.4533162093,Detector,,Coventry Rd;near Lyndon Rd
WMTG-E2112-Pole4-Zone2,-1.78854271191,52.4533162093,Detector,,Coventry Rd;near Lyndon Rd
WMTG-E2112-Pole5-Zone1,-1.78864554566,52.4533523529,Detector,,Coventry Rd;near Lyndon Rd
WMID-JTMS16,-2.12533487541,52.5792068745,Detector,O/B,9A - A459/A4123 O/B Nr Lvr st
WMID-JTMS15,-2.12607302359,52.5793049773,Detector,I/B,7B/8B - A459/A4123 I/B Nr Lvr st
WMID-JTMS2,-2.12642938172,52.5902991261,Detector,I/B,1B - A449 I/B Strfd Rd Nr Lit Ln
WMID-JTMS3,-2.12673920686,52.5902448555,Detector,O/B,2A - A449 O/B Strfd Rd Nr Lit Ln
WMTG-G0512_TCAM2-Zone2,-1.80525586564,52.4373695961,Detector,,A41 Warwick Rd; St Bernards Rd
WMTG-G0512_TCAM2-Zone1,-1.80525586564,52.4373695961,Detector,,A41 Warwick Rd; St Bernards Rd
WMTG-D0547Pole11-Zone1,-2.1189959887,52.4837498479,Detector,,Level St; Venture Way
WMTG-D0547Pole17-Zone1,-2.1189959887,52.4837498479,Detector,,Level St; Venture Way
WMID-JTMS61,-1.98856138896,52.5897280844,Detector,O/B,5 - A34 NoC O/B Grn Ln Nr Bl Ln
WMTG-D0547Pole17-Zone2,-2.1189959887,52.4837498479,Detector,,Level St; Venture Way
WMTG-G0512_TCAM1-Zone2,-1.80663473574,52.4382528789,Detector,,A41 Warwick Rd; St Bernards Rd
WMTG-G0512_TCAM1-Zone1,-1.80663473574,52.4382528789,Detector,,A41 Warwick Rd; St Bernards Rd
WMTG-E2530-Pole10-Zone1,-1.88970749206,52.5132637553,Detector,,Aston Ln;near Tintern Rd
WMTG-A0541POLE1-Zone1,-2.06294512472,52.5616005996,Detector,,Oxford St; Loxdale St
WMTG-A0541POLE1-Zone2,-2.06294512472,52.5616005996,Detector,,Oxford St; Loxdale St
WMTG-G0144_TCAM2-Zone1,-1.77683842231,52.4252907661,Detector,,Lode Lane; Moat Lane
WMID-JTMS33,-2.08872421308,52.5074020414,Detector,,3A - A4101 King St Nr Chfld St
WMTG-E2530-Pole5-Zone1,-1.889722564,52.5131289207,Detector,,Aston Ln;near Tintern Rd
WMTG-G0113_TCAM1-Zone1,-1.76816368947,52.4137308484,Detector,,A41 Warwick Rd; Hampton Lane
WMTG-G0113_TCAM1-Zone2,-1.76816368947,52.4137308484,Detector,,A41 Warwick Rd; Hampton Lane
WMTG-G0144_TCAM2-Zone2,-1.77683842231,52.4252907661,Detector,,Lode Lane; Moat Lane
WMTG-A0615POLE2-Zone2,-2.08530691164,52.5836475662,Detector,,Willenhall Rd; Deans Rd
WMTG-A0231POLE5-Zone2,-2.15385422592,52.5605013197,Detector,,Penn Rd; near Manor Rd
WMTG-A0342POLE3-Zone1,-2.12606969213,52.5730121093,Detector,,Dudley Rd; Bromley St
WMTG-A0563POLE4-Zone2,-2.07364529398,52.5648127642,Detector,,Black Country Route; Morrisons
WMTG-A0563POLE5-Zone2,-2.07364529398,52.5648127642,Detector,,Black Country Route; Morrisons
WMTG-A0613POLE3-Zone1,-2.10861178376,52.5839340882,Detector,,Lower Walsall St; Willenhall Rd
WMTG-A0613POLE3-Zone2,-2.10861178376,52.5839340882,Detector,,Lower Walsall St; Willenhall Rd
WMTG-E1393-Pole22-Zone2,-1.97018190366,52.4173072068,Detector,,Sir Herbert Austin;near Bell Ln
WMTG-E2224-Pole12-Zone2,-1.81605370757,52.4902300463,Detector,,Stechford Ln;near Stechford Rd
WMTG-A0915POLE8-Zone1,-2.12510169295,52.6319501108,Detector,,Stafford Rd; Springfield Ln
WMTG-A915POLE6-Zone1,-2.12510169295,52.6319501108,Detector,,Stafford Rd; Springfield Ln
N63132B,-7.55715984208,49.7668072319,Scoot,,
WMTG-B0328Pole32-Zone1,-1.97620699827,52.5889082034,Detector,,Arboretum Junction
WMTG-A0231POLE5-Zone1,-2.15385422592,52.5605013197,Detector,,Penn Rd; near Manor Rd
WMTG-E0750-Pole1-Zone2,-1.90689356055,52.4690209914,Detector,,Lee Bank Middleway; nr Ryland Rd
WMTG-E0170-Pole4-Zone2,-1.89883396842,52.4851783505,Detector,,Great Charles St; Old Snow Hill
WMTG-A0231POLE4-Zone2,-2.15385422592,52.5605013197,Detector,,Penn Rd; near Manor Rd
WMTG-A0231POLE4-Zone1,-2.15385422592,52.5605013197,Detector,,Penn Rd; near Manor Rd
WMTG-A0212POLE2-Zone1,-2.13896476187,52.5726919966,Detector,,Penn Rd; near The Royal School
N63132E,-7.55715984208,49.7668072319,Scoot,,
N63132D,-7.55715984208,49.7668072319,Scoot,,
WMTG-D0514Pole12-Zone1,-2.12114598408,52.4837836211,Detector,,High St; Bank St; Level St
N63132A,-7.55715984208,49.7668072319,Scoot,,
WMTG-E2224-Pole15-Zone1,-1.81568492116,52.4903733126,Detector,,Stechford Rd;near Stechford Ln
WMTG-A0212POLE1-Zone1,-2.13887648747,52.5727730087,Detector,,Penn Road
WMTG-G0135_TCAM1-Zone1,-1.785877147,52.4142496766,Detector,,Blossomfield Rd; Stat'n Approach
WMTG-E0750-Pole1-Zone1,-1.90689356055,52.4690209914,Detector,,Lee Bank Middleway; nr Ryland Rd
WMTG-G0112_TCAM1-Zone2,-1.7704710954,52.4138881761,Detector,,A41 Warwick Rd; New Rd
WMTG-G0112_TCAM1-Zone1,-1.7704710954,52.4138881761,Detector,,A41 Warwick Rd; New Rd
WMTG-E4625-Pole2-Zone1,-1.86002109531,52.5488233955,Detector,,Chester Rd N;near Kings Rd
WMTG-E2906-Pole5-Zone2,-1.92368771465,52.5383992294,Detector,,Walsall Rd;near Booths Farm Rd
WMTG-E2906-Pole5-Zone1,-1.92368771465,52.5383992294,Detector,,Walsall Rd;near Booths Farm Rd
WMTG-G0135_TCAM1-Zone2,-1.785877147,52.4142496766,Detector,,Blossomfield Rd; Stat'n Approach
WMTG-E2224-Pole4-Zone1,-1.81570114962,52.4900137396,Detector,,Stechford Ln;near Stechford Rd
WMTG-E1944-Pole7-Zone1,-1.85415311754,52.4681407676,Detector,,Coventry Rd;near Wordsworth Rd
WMTG-E1654-Pole1-Zone2,-1.87016979303,52.4577220151,Detector,,Stratford Rd;near Beach Rd
WMTG-E0829-Pole14-Zone2,-1.9211776126,52.4743534027,Detector,,Ladywood Middleway; Friston Ave
WMTG-E0755-Pole3-Zone1,-1.89995548889,52.4711189976,Detector,,Bristol St; near Wrentham St
WMTG-G0141_TCAM2-Zone1,-1.77586092767,52.4208478288,Detector,,A41 Solihull Bypass; Lode Lane
WMTG-G0645_TCAM1-Zone1,-1.83228925537,52.418864493,Detector,,Stratford Rd; Near Tesco
WMTG-B0328Pole32-Zone2,-1.97620699827,52.5889082034,Detector,,Arboretum Junction
WMTG-E0170-Pole5-Zone2,-1.89988005022,52.4849365092,Detector,,Great Charles St; Old Snow Hill
WMTG-E0170-Pole5-Zone1,-1.89988005022,52.4849365092,Detector,,Great Charles St; Old Snow Hill
WMTG-E0170-Pole4-Zone1,-1.89883396842,52.4851783505,Detector,,Great Charles St; Old Snow Hill
WMTG-E0170-Pole12-Zone2,-1.90017393551,52.4852154454,Detector,,Great Charles St; Old Snow Hill
WMTG-E0170-Pole12-Zone1,-1.90017393551,52.4852154454,Detector,,Great Charles St; Old Snow Hill
WMTG-D0422Pole5-Zone1,-2.17064309573,52.504102688,Detector,,Dudley Rd; Wolverhampton Rd
WMTG-D0411Pole2-Zone1,-2.16161523245,52.480840406,Detector,,High St; Lawnswood Rd
WMTG-D0214Pole2-Zone1,-2.08493280858,52.5276950425,Detector,,Birmingham New Rd; Priory Rd
WMTG-C02911-TCAM1-Zone1,-2.08492823783,52.4719844493,Detector,,Foxoak St; St Annes Rd
WMTG-B0415Pole2-Zone2,-2.01046570558,52.5865277594,Detector,,Wolverhampton Rd; Bloxwich Ln
WMTG-B0328Pole7-Zone2,-1.97545452714,52.5883327049,Detector,,Arboretum Junction
WMTG-B0328Pole7-Zone1,-1.97545452714,52.5883327049,Detector,,Arboretum Junction
WMTG-A0553POLE2-Zone1,-2.08499851779,52.5692281286,Detector,,Wellington Rd; Bilston College
WMTG-E0829-Pole14-Zone1,-1.9211776126,52.4743534027,Detector,,Ladywood Middleway; Friston Ave
WMTG-E1393-Pole22-Zone1,-1.97018190366,52.4173072068,Detector,,Sir Herbert Austin;near Bell Ln
WMTG-A0615POLE2-Zone1,-2.08530691164,52.5836475662,Detector,,Willenhall Rd; Deans Rd
WMTG-A0553POLE1-Zone1,-2.08499851779,52.5692281286,Detector,,Wellington Rd; Bilston College
WMID-JTMS54,-1.99714441865,52.4713588262,Detector,E/B,3B - A4123 E/B Wolverhampton Rd
WMID-JTMS55,-1.99732108061,52.4712239804,Detector,W/B,4A - A4123 W/B Wolverhampton Rd
WMTG-A0541POLE4-Zone3,-2.06294512472,52.5616005996,Detector,,Oxford St; Loxdale St
WMTG-E0829-Pole15-Zone2,-1.9204566287,52.4741281725,Detector,,Ladywood Middleway; Friston Ave
WMTG-E1944-Pole2-Zone1,-1.85449162051,52.4681591636,Detector,,Coventry Rd;near Wordsworth Rd
WMTG-E1931-Pole2-Zone1,-1.84559400241,52.4658464687,Detector,,Coventry Rd;near OldKnow Rd
WMTG-B0415Pole2-Zone1,-2.01046570558,52.5865277594,Detector,,Wolverhampton Rd; Bloxwich Ln
WMTG-A915POLE6-Zone2,-2.12510169295,52.6319501108,Detector,,Stafford Rd; Springfield Ln
WMTG-A0615POLE12-Zone1,-2.08530691164,52.5836475662,Detector,,Willenhall Rd; Deans Rd
WMTG-E1654-Pole1-Zone1,-1.87016979303,52.4577220151,Detector,,Stratford Rd;near Beach Rd
WMTG-E4637-Pole4-Zone1,-1.8585182209,52.5484080789,Detector,,Jockey Rd;near Chester Rd
WMTG-E0829-Pole15-Zone1,-1.9204566287,52.4741281725,Detector,,Ladywood Middleway; Friston Ave
WMTG-D0411Pole7-Zone1,-2.16161523245,52.480840406,Detector,,High St; Lawnswood Rd
WMTG-E4514-Pole1-Zone1,-1.82681601108,52.5361757524,Detector,,Birmingham Rd;near Holifast Rd
WMTG-A0563POLE4-Zone1,-2.07364529398,52.5648127642,Detector,,Black Country Route; Morrisons
WMTG-A0615POLE12-Zone2,-2.08530691164,52.5836475662,Detector,,Willenhall Rd; Deans Rd
WMTG-A0563POLE5-Zone1,-2.07364529398,52.5648127642,Detector,,Black Country Route; Morrisons
WMTG-E1393-Pole13-Zone1,-1.97004968951,52.4171363626,Detector,,Bell Ln;nr Sir Herbert Austin
WMTG-A0915POLE8-Zone2,-2.12510169295,52.6319501108,Detector,,Stafford Rd; Springfield Ln
BIRM-JTMS7,-1.94221192001,52.3981480599,Detector,I/B,8A - A441 I/B Redditch Rd
BIRM-JTMS6,-1.88506366406,52.412157932,Detector,I/B,7A - A435 I/B Alcester Rd South
WMID-JTMS40,-2.11760039603,52.4574375833,Detector,,6B - A4036 Pdmre Rd Nr the Glade
BIRM-JTMS61,-1.87798791995,52.4670978896,Detector,O/B,19B - A34 (SoC) O/B Stratford Rd
BIRM-JTMS65,-1.92182058057,52.4854114788,Detector,O/B,24A - A457 O/B Spring Hill
BIRM-JTMS68,-1.89830328115,52.4854206254,Detector,O/B,27A - A38(NoC)O/B StChadsQuenswy
BIRM-JTMS69,-1.89964736523,52.4706692386,Detector,O/B,28A - A38 (SoC) O/B Bristol St
JTMS38,-1.89294012041,52.4866295499,Detector,I/B,3B1 - A34 I/B Lancaster Circus
BIRM-JTMS56,-1.92221173692,52.4723223515,Detector,I/B,15B - A456I/B Hagley Rd/FiveWays
BIRM-JTMS71,-1.88636812238,52.4595636173,Detector,O/B,29A - A435 O/B Haden Way
JTMS1,-1.80313947144,52.5789484795,Detector,I/B,1A - A453 I/B  Tamworth Road
JTMS10,-1.92857068978,52.5457649646,Detector,I/B,10B2 - A4041 I/B  Queslett Road
JTMS17,-1.81540462766,52.444676763,Detector,I/B,21A - A41 (SoC) I/B Warwick Road
JTMS2,-1.77865946548,52.5286070311,Detector,I/B,2A - A38 (NoC) I/B  Kingsbury Rd
JTMS20,-1.83869927924,52.6045152137,Detector,O/B,23B - A5127 O/B, Lichfield Road
BIRM-JTMS48,-1.83312492454,52.4195129578,Detector,I/B,12A - A34 (SoC) Stratford Rd I/B
WMID-JTMS59,-1.94614070638,52.5638887588,Detector,I/B,3 - A34 SoC I/B Brm Rd Nr Bcn Rd
JTMS15,-1.83942605446,52.5995808101,Detector,I/B,17A - A5127 I/B Lichfield Rd
JTMS14,-1.97576314497,52.4283302658,Detector,I/B,16A - B4121 I/B Shenley Lane
BIRM-JTMS41,-1.7608895075,52.4512048891,Detector,O/B,5B - A45  Coventry Road O/B
BIRM-JTMS42,-1.79525602173,52.4558092481,Detector,I/B,6A - A45 New Coventry Rd I/B
BIRM-JTMS45,-1.97600935768,52.4080217866,Detector,I/B,9A-A38I/B(SoC)  Bristol Rd South
BIRM-JTMS31,-1.92938226886,52.416193184,Detector,ACW,A4040ACW2 - PershoreRd KingsNort
BIRM-JTMS46,-1.90017786757,52.4704269568,Detector,I/B,9B2-A38 (SoC )I/B Bristol St
BIRM-JTMS58,-1.94786808298,52.4876462814,Detector,I/B,18A - A457 I/B Dudley Road
BIRM-JTMS70,-2.00905260726,52.3955725427,Detector,O/B,28B - A38(SoC)O/B BristolRdSouth
BIRM-JTMS5,-1.87401332076,52.4723528702,Detector,I/B,6B - A45 I/B Bordersley Circus
BIRM-JTMS51,-1.95715419013,52.5095314772,Detector,I/B,13A2 - A41 (NoC) Holyhead Rd I/B
BIRM-JTMS52,-1.90106935415,52.4864927686,Detector,I/B,13B - A41(NoC I/B OSH Summerlane
BIRM-JTMS53,-1.90064384861,52.4858001868,Detector,O/B,14A-A41(NoC)O/B OldHil/Lionel St
BIRM-JTMS54,-1.95846554642,52.5094959821,Detector,O/B,14B - A41 (NoC) Holyhead Rd O/B
WMID-JTMS45,-2.06115676875,52.4534438485,Detector,,9A - A458 Stbdg Rd Nr Atwd St
WMID-JTMS78,-1.98974186206,52.5914632191,Detector,I/B,22 - A34 I/B Green Ln Nr Blue Ln
WMID-JTMS81,-1.52402380072,52.3820115688,Detector,E/B,1B2 - A45 E/B Knps Hghwy/Grn Ln
JTMS71,-1.88636812238,52.4595636173,Detector,O/B,29A - A435 O/B Haden Way
JTMS74,-1.89858899315,52.5149348121,Detector,ACW,A4040 ACW5 - Aston Ln Perry Barr
WMID-175291,-1.83244953273,52.4192512925,Detector,I/B,4A-A34 Stratford Rd (NoC) I/B
WMID-175311,-1.76388105219,52.4173004337,Detector,I/B,1A -B4102 Hampton Lane I/B
WMID-175481,-1.78133647184,52.4346128518,Detector,I/B,2A-B425 Lode Lane I/B
WMID-175861,-1.75374414612,52.4078761542,Detector,I/B,9A-A41 Solihull By-Pass I/B
WMID-70461,-1.79085243533,52.3818672458,Detector,O/B,5B-A34 Stratford Rd (SoC) O/B
WMID-JTMS82,-1.52330042233,52.4109929462,Detector,W/B,2A - A4114 W/B Holyhead Rd
WMID-70481,-1.83234888703,52.418648816,Detector,O/B,4B-A34 Stratford Rd (NoC) O/B
WMID-78081,-1.78165855797,52.4349191076,Detector,O/B,2B-B425 Lode Lane O/B
WMID-JTMS70,-2.00397401356,52.6135604209,Detector,O/B,14 - A34 O/B Hgh St Nr Reeves st
WMID-78111,-1.75094657395,52.4060722824,Detector,O/B,9B-A41 Solihull By-Pass O/B
WMID-JTMS32,-2.06460251678,52.5151310649,Detector,,2B - A4123 Birm Nw Rd Nr Birm Rd
WMID-JTMS53,-2.05628780344,52.5122495695,Detector,E/B,3A - A4123 E/B New Birmingham Rd
WMID-JTMS62,-1.97558691593,52.5891597928,Detector,O/B,6 -A461 NoC O/B  Lchfld st
JTMS22,-1.7870959833,52.5885848111,Detector,O/B,26B - A453 O/B TamworthRd M6Toll
JTMS7,-1.94221192001,52.3981480599,Detector,I/B,8A - A441 I/B Redditch Rd
JTMS64,-1.92260961093,52.4720978623,Detector,O/B,22A - A456 O/B Hagley Rd
JTMS6,-1.88506366406,52.412157932,Detector,I/B,7A - A435 I/B Alcester Rd South
JTMS5,-1.87401332076,52.4723528702,Detector,I/B,6B - A45 I/B Bordersley Circus
JTMS49,-1.87867757832,52.4678897157,Detector,I/B,12B - A34(SoC)I/B CampHillMidlwy
JTMS46,-1.90017786757,52.4704269568,Detector,I/B,9B2-A38 (SoC )I/B Bristol St
JTMS35,-1.89560300164,52.4939587293,Detector,I/B,1B2/3B2/10B3-A34I/B NewtnMidlewy
JTMS3,-1.8549400817,52.5109159185,Detector,I/B,1B3/17B - A5127I/B  GravellyHill
JTMS28,-1.89858899315,52.5149348121,Detector,CW,A4040 CW3 - RobinHodLn Yardly Wd
WMID-JTMS84,-1.49670778868,52.4082396956,Detector,E/B,3A - A4600 E/B Sky Blue Way
WMID-JTMS88,-1.49569443681,52.4081544686,Detector,W/B,4B/7B - A4600  W/B Sky Blue Way
WMID-JTMS93,-1.43519069982,52.3964185639,Detector,W/B,7A - A428  W/B Brandon Road
WMTG-G0141_TCAM2-Zone2,-1.77586092767,52.4208478288,Detector,,A41 Solihull Bypass; Lode Lane
WMTG-G0645_TCAM1-Zone2,-1.83228925537,52.418864493,Detector,,Stratford Rd; Near Tesco
JTMS26,-1.96588938652,52.4738262546,Detector,CW,A4040CW1 - Barnsley Rd Bearwood
JTMS23,-1.77016384083,52.5663393374,Detector,O/B,27B - A38 (NoC) O/B M6Toll T3
BIRM-JTMS50,-1.9186157572,52.4984717106,Detector,I/B,13A1 -A41 I/B (NoC) Soho Hill
BIRM-JTMS3,-1.8549400817,52.5109159185,Detector,I/B,1B3/17B - A5127I/B  GravellyHill
WMID-70511,-1.78213892343,52.4150339829,Detector,O/B,6B-B4102 Lode Lane O/B
BIRM-JTMS9,-1.87946131743,52.5691168347,Detector,I/B,10B - B4138I/B ThrnhilRd/ChestRd
BIRM-JTMS18,-2.013007088,52.4487482894,Detector,O/B,22B - A456 O/B QuintonExpressway
WMTG-D0422Pole11-Zone2,-2.17064309573,52.504102688,Detector,,Dudley Rd; Wolverhampton Rd
BIRM-JTMS23,-1.77016384083,52.5663393374,Detector,O/B,27B - A38 (NoC) O/B M6Toll T3
WMTG-G0625_TCAM2-Zone1,-1.80946334683,52.403106324,Detector,,Blossomfield Rd; Widney Lane
BIRM-JTMS60,-1.8342671831,52.4207551898,Detector,O/B,19A - A34 (SoC) O/B Stratford Rd
BIRM-JTMS55,-1.94382389736,52.4715793818,Detector,I/B,15A1 -  A456 Hagley Rd I/B
JTMS32,-1.84790085485,52.4242436423,Detector,ACW,A4040ACW3 - RobinHd Ln, YardlyWd
BIRM-JTMS35,-1.89560300164,52.4939587293,Detector,I/B,1B2/3B2/10B3-A34I/B NewtnMidlewy
BIRM-JTMS64,-1.92260961093,52.4720978623,Detector,O/B,22A - A456 O/B Hagley Rd
WMID-70441,-1.82003347161,52.4207254258,Detector,I/B,8A-B4025 Streetsbrook Rd I/B
JTMS30,-1.90686845835,52.5159035181,Detector,CW,A4040 CW5 - WellingtonRd  P Barr
JTMS27,-1.93067554186,52.4165625387,Detector,CW,A4040CW2 - Watford Rd KingsNortn
BIRM-JTMS28,-1.89858899315,52.5149348121,Detector,CW,A4040 CW3 - RobinHodLn Yardly Wd
WMID-78091,-1.78359533485,52.4148568526,Detector,I/B,6A-B4102 Lode Lane I/B
JTMS24,-1.88785609446,52.4066856544,Detector,O/B,29B - A435 O/B AlcesterRoadSouth
JTMS18,-2.013007088,52.4487482894,Detector,O/B,22B - A456 O/B QuintonExpressway
JTMS33,-1.80989361544,52.4843139203,Detector,ACW,A4040 ACW4 - Station Rd, Stechfd
BIRM-JTMS29,-1.80966068169,52.4836932387,Detector,CW,A4040 CW4 - Station Rd Stechford
N63132C,-7.55715984208,49.7668072319,Scoot,,
BIRM-JTMS27,-1.93067554186,52.4165625387,Detector,CW,A4040CW2 - Watford Rd KingsNortn
JTMS13,-2.00781386783,52.4526144592,Detector,I/B,15A2 - A456 I/B QuintonExpresswy
BIRM-JTMS57,-1.90170284705,52.4664996096,Detector,I/B,16B - B4121 I/B Bristol Rd
WMID-39401731,-1.75062197325,52.4062873612,Detector,I/B,10-A45 Coventry Rd I/B
JTMS11,-1.88220903726,52.50155167,Detector,O/B,11B1 - B4132 O/B WarterLnkBulvrd
BIRM-JTMS13,-2.00781386783,52.4526144592,Detector,I/B,15A2 - A456 I/B QuintonExpresswy
N63131F,-7.55715984208,49.7668072319,Scoot,,
BIRM-JTMS33,-1.80989361544,52.4843139203,Detector,ACW,A4040 ACW4 - Station Rd, Stechfd
JTMS8,-1.84625781089,52.6049657471,Detector,I/B,10A - A4026 I/B Blake Street
JTMS29,-1.80966068169,52.4836932387,Detector,CW,A4040 CW4 - Station Rd Stechford
BIRM-JTMS30,-1.90686845835,52.5159035181,Detector,CW,A4040 CW5 - WellingtonRd  P Barr
BIRM-JTMS43,-1.88721842295,52.460858988,Detector,I/B,7B - A435 I/B Haden Circus
WMID-175461,-1.80534238376,52.4377652999,Detector,I/B,3A-A41  Warwick Rd I/B
BIRM-JTMS2,-1.77865946548,52.5286070311,Detector,I/B,2A - A38 (NoC) I/B  Kingsbury Rd
BIRM-JTMS20,-1.83869927924,52.6045152137,Detector,O/B,23B - A5127 O/B, Lichfield Road
BIRM-JTMS22,-1.7870959833,52.5885848111,Detector,O/B,26B - A453 O/B TamworthRd M6Toll
BIRM-JTMS24,-1.88785609446,52.4066856544,Detector,O/B,29B - A435 O/B AlcesterRoadSouth
BIRM-JTMS25,-1.95669599925,52.3902429411,Detector,O/B,30B - A441 O/B Redditch Road
BIRM-JTMS26,-1.96588938652,52.4738262546,Detector,CW,A4040CW1 - Barnsley Rd Bearwood
BIRM-JTMS19,-1.85796311811,52.5101464454,Detector,O/B,23A/26A -A5127 O/B, GravellyHill
BIRM-JTMS32,-1.84790085485,52.4242436423,Detector,ACW,A4040ACW3 - RobinHd Ln, YardlyWd
BIRM-JTMS34,-1.89949632928,52.5176954851,Detector,I/B,1B1 - A453 I/B Perry Barr/A34
BIRM-JTMS36,-1.89093497212,52.4875896479,Detector,I/B,2B - A38 (NoC)  I/B - Lanc Circ
JTMS19,-1.85796311811,52.5101464454,Detector,O/B,23A/26A -A5127 O/B, GravellyHill
BIRM-JTMS37,-1.90805168503,52.5279778718,Detector,I/B,3A - A34 I/B Walsall Road
BIRM-JTMS38,-1.89294012041,52.4866295499,Detector,I/B,3B1 - A34 I/B Lancaster Circus
BIRM-JTMS39,-1.8956527258,52.4978514159,Detector,O/B,4A - A34 O/B Newtown
BIRM-JTMS10,-1.92857068978,52.5457649646,Detector,I/B,10B2 - A4041 I/B  Queslett Road
WMTG-D0422Pole11-Zone1,-2.17064309573,52.504102688,Detector,,Dudley Rd; Wolverhampton Rd
BIRM-JTMS74,-1.89858899315,52.5149348121,Detector,ACW,A4040 ACW5 - Aston Ln Perry Barr
BIRM-JTMS62,-1.86656619925,52.4570617433,Detector,O/B,20A - A41 (SoC) O/B Warwick Rd
JTMS9,-1.87946131743,52.5691168347,Detector,I/B,10B - B4138I/B ThrnhilRd/ChestRd
BIRM-JTMS49,-1.87867757832,52.4678897157,Detector,I/B,12B - A34(SoC)I/B CampHillMidlwy
BIRM-JTMS8,-1.84625781089,52.6049657471,Detector,I/B,10A - A4026 I/B Blake Street
JTMS34,-1.89949632928,52.5176954851,Detector,I/B,1B1 - A453 I/B Perry Barr/A34
BIRM-JTMS1,-1.80313947144,52.5789484795,Detector,I/B,1A - A453 I/B  Tamworth Road
BIRM-JTMS40,-1.92526316707,52.5396498228,Detector,O/B,4B - A34 O/B WalsallRd, PBeeches
WMID-70501,-1.78815791019,52.3800464484,Detector,I/B,5A-A34 Stratford Rd (SoC) I/B
BIRM-JTMS11,-1.88220903726,52.50155167,Detector,O/B,11B1 - B4132 O/B WarterLnkBulvrd
BIRM-JTMS12,-1.79627638401,52.5089956625,Detector,O/B,11B2 - A452 O/B NewPrtRdNrM6Jct5
BIRM-JTMS14,-1.97576314497,52.4283302658,Detector,I/B,16A - B4121 I/B Shenley Lane
BIRM-JTMS15,-1.83942605446,52.5995808101,Detector,I/B,17A - A5127 I/B Lichfield Rd
BIRM-JTMS16,-1.81512449377,52.4448201664,Detector,O/B,20B - A41 (SoC) O/B Warwick Road
BIRM-JTMS17,-1.81540462766,52.444676763,Detector,I/B,21A - A41 (SoC) I/B Warwick Road
