,measurement_id,lon,lat,source,coords,Name,nodeId,wayId,direction,description,
0,WMTG-E4522-Pole2-Zone1,-1.833608106,52.52952397,Detector,"(-1.833608106, 52.52952397)",Sutton Road,1686089916,142771742-5,,Sutton Rd nr Wilmot Drive,
1,WMTG-C02921-TCAM2-Zone1,-2.079896881,52.4738399,Detector,"(-2.0798968809999998, 52.473839899999994)",Fox Oak Street,256986750,45038491-5,,Foxoak St; Newton Ln,
2,WMTG-C02911-TCAM4-Zone1,-2.084928238,52.47198445,Detector,"(-2.0849282380000003, 52.471984450000001)",St Anne's Road,1652793975,152460958-9,,Foxoak St; St Annes Rd,
3,WMTG-D0219Pole25-Zone2,-2.063067961,52.51372048,Detector,"(-2.0630679609999998, 52.513720480000003)",Birmingham Road,3998231349,396991830-1,,Birmingham New Rd; Burnt Tree,
4,WMTG-D0411Pole4-Zone1,-2.161615232,52.48084041,Detector,"(-2.1616152319999999, 52.480840409999999)",Wordsley Green,19855724,23210235-0,,High St; Lawnswood Rd,
5,WMTG-C02921-TCAM1-Zone1,-2.079896881,52.4738399,Detector,"(-2.0798968809999998, 52.473839899999994)",Fox Oak Street,256986750,45038491-5,,Foxoak St; Newton Ln,
6,WMTG-E2347-Pole1-Zone2,-1.871241246,52.5041923,Detector,"(-1.8712412459999999, 52.504192299999993)",Lichfield Road,3952023834,368490442-3,,Lichfield Rd;near Holborn Hill,
7,WMTG-D0212Pole8-Zone2,-2.065748799,52.51305376,Detector,"(-2.0657487990000001, 52.513053759999998)",Birmingham Road,272118838,25517426-3,,Birmingham Rd; near Tesco,
8,WMTG-D0212Pole2-Zone2,-2.065748799,52.51305376,Detector,"(-2.0657487990000001, 52.513053759999998)",Birmingham Road,272118838,25517426-3,,Birmingham Rd; near Tesco,
9,WMTG-D0212Pole2-Zone1,-2.065748799,52.51305376,Detector,"(-2.0657487990000001, 52.513053759999998)",Birmingham Road,272118838,25517426-3,,Birmingham Rd; near Tesco,
10,WMTG-C02911-TCAM2-Zone1,-2.084928238,52.47198445,Detector,"(-2.0849282380000003, 52.471984450000001)",St Anne's Road,1652793975,152460958-9,,Foxoak St; St Annes Rd,
11,WMTG-D0514Pole14-Zone1,-2.121145984,52.48378362,Detector,"(-2.121145984, 52.483783619999997)",High Street,251061619,145315530-4,,High St; Bank St; Level St,
12,WMTG-A0418POLE19-Zone2,-2.096720687,52.55256993,Detector,"(-2.0967206869999999, 52.552569929999997)",Black Country Route,251160642,23219406-1,,Birmingham New Rd; Black Country,
13,WMTG-D0212Pole8-Zone1,-2.065748799,52.51305376,Detector,"(-2.0657487990000001, 52.513053759999998)",Birmingham Road,272118838,25517426-3,,Birmingham Rd; near Tesco,
14,WMTG-D0219Pole25-Zone1,-2.063067961,52.51372048,Detector,"(-2.0630679609999998, 52.513720480000003)",Birmingham Road,3998231349,396991830-1,,Birmingham New Rd; Burnt Tree,
15,WMTG-E0749-Pole3-Zone2,-1.906894071,52.46877826,Detector,"(-1.906894071, 52.468778260000001)",,,,,Lee Bank Middleway; nr Ryland Rd,
16,WMTG-D0514Pole2-Zone1,-2.121145984,52.48378362,Detector,"(-2.121145984, 52.483783619999997)",High Street,251061619,145315530-4,,High St; Bank St; Level St,
17,WMTG-E0749-Pole3-Zone1,-1.906894071,52.46877826,Detector,"(-1.906894071, 52.468778260000001)",,,,,Lee Bank Middleway; nr Ryland Rd,
18,WMTG-C02911-TCAM3-Zone1,-2.084928238,52.47198445,Detector,"(-2.0849282380000003, 52.471984450000001)",St Anne's Road,1652793975,152460958-9,,Foxoak St; St Annes Rd,
19,WMTG-E0750-Pole3-Zone1,-1.906893561,52.46902099,Detector,"(-1.906893561, 52.469020989999997)",,,,,Lee Bank Middleway; nr Ryland Rd,
20,WMTG-E0749-Pole1-Zone1,-1.906894071,52.46877826,Detector,"(-1.906894071, 52.468778260000001)",,,,,Lee Bank Middleway; nr Ryland Rd,
21,WMTG-10751-4-Zone1,-1.531959478,52.41376951,Detector,"(-1.5319594780000001, 52.413769510000002)",Cornets End Lane,21290904,122141471-2,,10751_TCAM1,
22,WMTG-A0418POLE14-Zone1,-2.097664542,52.55255117,Detector,"(-2.097664542, 52.552551170000001)",Birmingham New Road,1621467567,220471833-0,,Birmingham New Rd; Black Country,
23,WMTG-A0811POLE2-Zone1,-2.119563112,52.59483713,Detector,"(-2.1195631119999998, 52.594837130000002)",,,,,Cannock Rd; near Badger Dr,
24,WMTG-D0219Pole12-Zone1,-2.063067961,52.51372048,Detector,"(-2.0630679609999998, 52.513720480000003)",Birmingham Road,3998231349,396991830-1,,Birmingham New Rd; Burnt Tree,
25,WMTG-D0548Pole12-Zone1,-2.1209423,52.48468283,Detector,"(-2.1209422999999998, 52.484682829999997)",Venture Way,312084921,316552022-0,,Dudley Rd; Venture Way,
26,WMTG-E1116-Pole4-Zone1,-1.943370191,52.46950248,Detector,"(-1.9433701909999999, 52.469502480000003)",Augustus Road,19788315,29034371-0,,Augustus Rd; Norfolk Rd,
27,WMTG-D0548Pole2-Zone1,-2.1209423,52.48468283,Detector,"(-2.1209422999999998, 52.484682829999997)",Venture Way,312084921,316552022-0,,Dudley Rd; Venture Way,
28,WMTG-D0511Pole1-Zone2,-2.121506919,52.48117616,Detector,"(-2.1215069190000002, 52.481176159999997)",High Street,1624200443,145315530-2,,High St; Moor St,
29,WMTG-D0511Pole1-Zone1,-2.121506919,52.48117616,Detector,"(-2.1215069190000002, 52.481176159999997)",High Street,1624200443,145315530-2,,High St; Moor St,
30,WMTG-A0418POLE14-Zone2,-2.097664542,52.55255117,Detector,"(-2.097664542, 52.552551170000001)",Birmingham New Road,1621467567,220471833-0,,Birmingham New Rd; Black Country,
31,WMTG-A0418POLE19-Zone1,-2.096720687,52.55256993,Detector,"(-2.0967206869999999, 52.552569929999997)",Black Country Route,251160642,23219406-1,,Birmingham New Rd; Black Country,
32,WMTG-E2347-Pole1-Zone1,-1.871241246,52.5041923,Detector,"(-1.8712412459999999, 52.504192299999993)",Lichfield Road,3952023834,368490442-3,,Lichfield Rd;near Holborn Hill,
33,JTMS39,-1.895652726,52.49785142,Detector,"(-1.895652726, 52.497851420000003)",High Street,209813,339393130-2,O/B,4A - A34 O/B Newtown,
34,JTMS69,-1.899647365,52.47066924,Detector,"(-1.8996473650000001, 52.470669239999999)",,,,O/B,28A - A38 (SoC) O/B Bristol St,
35,JTMS42,-1.795256022,52.45580925,Detector,"(-1.7952560219999998, 52.455809250000001)",New Coventry Road,252183394,23298068-0,I/B,6A - A45 New Coventry Rd I/B,
36,JTMS65,-1.921820581,52.48541148,Detector,"(-1.921820581, 52.485411480000003)",Ellen Street,18403241,27622937-0,O/B,24A - A457 O/B Spring Hill,
37,JTMS41,-1.760889508,52.45120489,Detector,"(-1.7608895080000002, 52.45120489)",Coventry Road,613597167,48294382-0,O/B,5B - A45  Coventry Road O/B,
38,JTMS58,-1.947868083,52.48764628,Detector,"(-1.9478680830000001, 52.48764628)",Dudley Road,305215606,34752237-8,I/B,18A - A457 I/B Dudley Road,
39,JTMS61,-1.87798792,52.46709789,Detector,"(-1.87798792, 52.467097889999998)",Stratford Road,1574348864,42783865-0,O/B,19B - A34 (SoC) O/B Stratford Rd,
40,JTMS37,-1.908051685,52.52797787,Detector,"(-1.908051685, 52.527977870000001)",Walsall Road,3798001596,381223615-1,I/B,3A - A34 I/B Walsall Road,
41,JTMS56,-1.922211737,52.47232235,Detector,"(-1.9222117369999998, 52.472322349999999)",Hagley Road,221748,4316057-0,I/B,15B - A456I/B Hagley Rd/FiveWays,
42,JTMS40,-1.925263167,52.53964982,Detector,"(-1.9252631669999998, 52.539649820000001)",Walsall Road,246646485,143628967-7,O/B,4B - A34 O/B WalsallRd, PBeeches
43,JTMS62,-1.866566199,52.45706174,Detector,"(-1.866566199, 52.45706174)",Medlicott Road,1947581782,121006258-4,O/B,20A - A41 (SoC) O/B Warwick Rd,
44,JTMS47,-1.877317834,52.49109141,Detector,"(-1.8773178340000001, 52.491091410000003)",Bradburne Way,256247813,23652505-0,O/B,11A - A47 O/B Nechells Parkway,
45,JTMS52,-1.901069354,52.48649277,Detector,"(-1.9010693540000001, 52.486492769999998)",Summer Lane,1831042679,23167225-1,I/B,13B - A41(NoC I/B OSH Summerlane,
46,JTMS50,-1.918615757,52.49847171,Detector,"(-1.918615757, 52.498471709999997)",Wretham Road,281468476,25804738-0,I/B,13A1 -A41 I/B (NoC) Soho Hill,
47,JTMS45,-1.976009358,52.40802179,Detector,"(-1.9760093580000002, 52.408021789999999)",Bristol Road South,12778994,49946827-21,I/B,9A-A38I/B(SoC)  Bristol Rd South,
48,JTMS48,-1.833124925,52.41951296,Detector,"(-1.8331249249999999, 52.419512959999999)",Stratford Road,1077015238,33769240-1,I/B,12A - A34 (SoC) Stratford Rd I/B,
49,WMTG-D0219Pole12-Zone2,-2.063067961,52.51372048,Detector,"(-2.0630679609999998, 52.513720480000003)",Birmingham Road,3998231349,396991830-1,,Birmingham New Rd; Burnt Tree,
50,WMTG-G0113_TCAM2-Zone2,-1.768194364,52.41348818,Detector,"(-1.768194364, 52.413488180000002)",Warwick Road,3802593695,4705989-0,,A41 Warwick Rd; Hampton Lane,
51,JTMS70,-2.009052607,52.39557254,Detector,"(-2.0090526070000001, 52.395572540000003)",Bristol Road South,111633928,48587288-1,O/B,28B - A38(SoC)O/B BristolRdSouth,
52,JTMS54,-1.958465546,52.50949598,Detector,"(-1.958465546, 52.509495979999997)",Holyhead Road,1234822607,48390922-0,O/B,14B - A41 (NoC) Holyhead Rd O/B,
53,WMID-JTMS8,-2.070016284,52.58333399,Detector,"(-2.0700162840000003, 52.58333399)",Willenhall Road,444020,86869840-2,O/B,4B - A454 O/B Nr The keyway,
54,WMID-JTMS5,-2.069440182,52.5830107,Detector,"(-2.0694401819999997, 52.58301070000001)",Willenhall Road,214796,7982425-0,I/B,3A - A454 I/B Nr The keyway,
55,WMID-JTMS6,-2.115904663,52.5846823,Detector,"(-2.1159046630000002, 52.584682299999997)",Horseley Fields,246252665,7982203-1,I/B,3B - A454 I/B Nr Horseley Fields,
56,WMID-JTMS7,-2.114429056,52.58480061,Detector,"(-2.1144290560000001, 52.584800610000002)",Horseley Fields,214827,7982203-1,O/B,4A -  A454 O/B Nr Horsley Fields,
57,WMID-JTMS20,-2.137379594,52.58479414,Detector,"(-2.137379594, 52.58479414)",Chapel Ash,18275892,25682475-0,O/B,11A - A454 O/B Nr Brewery Rd,
58,WMID-JTMS17,-2.094336807,52.54820279,Detector,"(-2.0943368069999999, 52.548202789999998)",Birmingham New Road,3426922982,220471836-6,O/B,9B1 - A4123 O/B Nr Hessian close,
59,WMID-JTMS11,-2.12012156,52.58314084,Detector,"(-2.1201215599999998, 52.583140839999999)",Bilston Road,214856,8128962-1,O/B,6A -A41 O/B Nr Bilstn str Islnd,
60,WMID-JTMS64,-2.002051643,52.56770356,Detector,"(-2.0020516430000002, 52.567703559999998)",Bescot Road,358046942,31963679-3,O/B,8 - A461 SoC O/B Bescot Rd,
61,WMID-JTMS23,-2.133348595,52.57936891,Detector,"(-2.1333485950000002, 52.579368909999999)",Penn Road,1876827224,87122051-3,O/B,13A - A449 O/B Nr Penn Rd Island,
62,WMID-JTMS13,-2.094528148,52.54803183,Detector,"(-2.0945281480000002, 52.548031829999999)",Shaw Road,916899089,23150346-6,I/B,7A - A4123 I/B Nr Hessian close,
63,WMID-JTMS4,-2.125452958,52.63594118,Detector,"(-2.1254529580000003, 52.635941180000003)",,,,O/B,2B - A449 O/B Strfd Rd Nr M54 J2,
64,WMID-JTMS22,-2.133261908,52.57998032,Detector,"(-2.1332619080000002, 52.579980319999997)",Penn Road,438759,7982068-1,I/B,12B - A449 I/B Nr Penn Rd Island,
65,WMID-JTMS10,-2.120489956,52.58293369,Detector,"(-2.1204899560000001, 52.582933689999997)",Bilston Road,271990,24930297-7,I/B,5B - A41 I/B Nr Bilstn st Islnd,
66,JTMS68,-1.898303281,52.48542063,Detector,"(-1.898303281, 52.48542063)",Queensway,203516,145231650-0,O/B,27A - A38(NoC)O/B StChadsQuenswy,
67,WMID-JTMS1,-2.125010078,52.63608548,Detector,"(-2.1250100780000003, 52.636085479999998)",,,,I/B,1A - A449 I/B Strfd Rd Nr M54 J2,
68,WMID-JTMS49,-2.0783222,52.47416459,Detector,"(-2.0783221999999997, 52.474164590000001)",Upper High Street,410366605,26784066-0,W/B,1A - A4100 W/B Upper High st,
69,JTMS55,-1.943823897,52.47157938,Detector,"(-1.9438238969999999, 52.471579380000001)",Hagley Road,7346344,137652671-6,I/B,15A1 -  A456 Hagley Rd I/B,
70,WMID-JTMS63,-2.00233196,52.56773053,Detector,"(-2.0023319599999998, 52.567730529999999)",Bescot Road,231155,31962822-0,I/B,7 - A461 I/B Bescot Rd  Lane 1,
71,WMID-JTMS14,-2.122170747,52.56643565,Detector,"(-2.1221707469999997, 52.566435650000003)",Wolverhampton Road East,1013159982,43999617-1,I/B,8A -  A4039 I/B Nr Parkfield Rd,
72,WMID-JTMS74,-1.974406411,52.58855723,Detector,"(-1.9744064109999999, 52.588557229999999)",Broadway North,3212337833,31310272-0,W/B,18 - A4148 W/B Bdwy Nt Nr Wrd st,
73,WMID-JTMS19,-2.137320924,52.58491107,Detector,"(-2.137320924, 52.584911069999997)",Chapel Ash,18275892,25682475-0,I/B,10B - A454 I/B Nr Brewery Rd,
74,JTMS60,-1.834267183,52.42075519,Detector,"(-1.8342671830000001, 52.420755190000001)",Stratford Road,32832450,4960289-3,O/B,19A - A34 (SoC) O/B Stratford Rd,
75,WMID-JTMS73,-1.968208034,52.58714434,Detector,"(-1.9682080340000001, 52.587144340000002)",Broadway North,222257,7983685-3,O/B,17 - A4148 O/B Brdwy Nth Nr Arb,
76,WMID-JTMS46,-2.129316711,52.45809059,Detector,"(-2.129316711, 52.458090589999998)",Stourbridge Road,1611552126,293403305-3,,9B - A458 Stbdg Rd Nr Hckmn St,
77,WMID-JTMS52,-2.076704051,52.47490284,Detector,"(-2.0767040510000001, 52.474902839999999)",Upper High Street,537862614,42984634-1,E/B,2B - A4100 E/B Upper High st,
78,WMID-JTMS57,-1.985328516,52.59048288,Detector,"(-1.985328516, 52.590482880000003)",Stafford Street,766434580,292906407-2,I/B,1 - B4120 I/B Stfd St Nr Ptld St,
79,WMTG-G0113_TCAM2-Zone1,-1.768194364,52.41348818,Detector,"(-1.768194364, 52.413488180000002)",Warwick Road,3802593695,4705989-0,,A41 Warwick Rd; Hampton Lane,
80,WMID-JTMS42,-2.140497648,52.4476584,Detector,"(-2.1404976480000002, 52.447658400000002)",Hall Street,30085973,91286989-0,,7B - A491 Hagley Rd Nr Field Ln,
81,WMID-JTMS39,-2.109448096,52.49914987,Detector,"(-2.1094480959999999, 52.499149869999997)",Highgate Road,249420750,35051641-0,,6A - A4036 Highgt Rd Nr Stbdg Rd,
82,WMID-JTMS16,-2.125334875,52.57920687,Detector,"(-2.1253348750000001, 52.57920687)",Birmingham Road,199258587,87108306-2,O/B,9A - A459/A4123 O/B Nr Lvr st,
83,WMID-JTMS15,-2.126073024,52.57930498,Detector,"(-2.1260730240000001, 52.579304980000003)",Dudley Road,1621389742,19205891-0,I/B,7B/8B - A459/A4123 I/B Nr Lvr st,
84,WMID-JTMS18,-2.121815876,52.56614834,Detector,"(-2.1218158759999999, 52.566148339999998)",Wolverhampton Road East,1013159982,43999617-1,O/B,9B2 - A4039 O/B Nr Parkfield Rd,
85,WMID-JTMS25,-2.097030383,52.55256069,Detector,"(-2.0970303830000003, 52.55256069)",Black Country Route,251160642,23219406-1,O/B,14A - A463 O/B Nr Birm new Rd,
86,JTMS66,-1.940992465,52.48634852,Detector,"(-1.9409924649999999, 52.48634852)",Dudley Road,2331622068,34752237-1,O/B,24B - A457 O/B Dudley Road,
87,WMID-JTMS28,-2.096690794,52.55239016,Detector,"(-2.0966907940000001, 52.552390160000002)",Black Country Route,18236697,87110690-0,I/B,15B - A463 I/B Nr Birm new Rd,
88,WMTG-G0113_TCAM2-Zone3,-1.768194364,52.41348818,Detector,"(-1.768194364, 52.413488180000002)",Warwick Road,3802593695,4705989-0,,A41 Warwick Rd; Hampton Lane,
89,WMID-JTMS51,-2.092799562,52.46978497,Detector,"(-2.0927995619999997, 52.469784969999999)",Forge Lane,664232110,26784011-13,E/B,2A - A4100 E/B Fge Ln Nr Pool Rd,
90,WMID-JTMS21,-2.166115474,52.55742818,Detector,"(-2.1661154740000002, 52.557428180000002)",Stourbridge Road,2140009649,3666121-3,I/B,12A -A449 I/B Nr Vicarage Rd,
91,WMID-JTMS24,-2.165584307,52.55738397,Detector,"(-2.165584307, 52.557383969999997)",Stourbridge Road,2140009649,3666121-3,O/B,13B - A449 O/B Nr Vicarage Rd,
92,JTMS36,-1.890934972,52.48758965,Detector,"(-1.8909349719999999, 52.487589649999997)",Corporation Street,1351850117,237228282-2,I/B,2B - A38 (NoC)  I/B - Lanc Circ,
93,WMID-JTMS36,-2.0901975,52.50738294,Detector,"(-2.0901974999999999, 52.507382939999999)",High Street,391424926,137769702-0,,4B - A4101 King St Nr Flood St,
94,WMID-JTMS56,-2.056361212,52.51204277,Detector,"(-2.0563612119999997, 52.512042770000001)",New Birmingham Road,19789157,127910267-0,W/B,4B - A4123 W/B New Birmingham Rd,
95,WMID-JTMS50,-2.090120124,52.46965219,Detector,"(-2.0901201240000002, 52.469652189999998)",Woods Lane,529903939,52127510-3,W/B,1B - A4100 W/B Fge Ln Nr Pool Rd,
96,WMID-JTMS2,-2.126429382,52.59029913,Detector,"(-2.126429382, 52.590299129999998)",Stafford Street,1619293844,148868369-1,I/B,1B - A449 I/B Strfd Rd Nr Lit Ln,
97,WMID-JTMS3,-2.126739207,52.59024486,Detector,"(-2.126739207, 52.590244859999999)",Stafford Street,280575646,148868369-1,O/B,2A - A449 O/B Strfd Rd Nr Lit Ln,
98,WMTG-D0547Pole11-Zone1,-2.118995989,52.48374985,Detector,"(-2.1189959890000001, 52.483749850000002)",Venture Way,312084908,267392088-12,,Level St; Venture Way,
99,WMTG-D0547Pole17-Zone1,-2.118995989,52.48374985,Detector,"(-2.1189959890000001, 52.483749850000002)",Venture Way,312084908,267392088-12,,Level St; Venture Way,
100,WMTG-E2112-Pole4-Zone1,-1.788542712,52.45331621,Detector,"(-1.7885427119999999, 52.453316209999997)",Coventry Road,25549139,153204103-0,,Coventry Rd;near Lyndon Rd,
101,WMTG-E2112-Pole4-Zone2,-1.788542712,52.45331621,Detector,"(-1.7885427119999999, 52.453316209999997)",Coventry Road,25549139,153204103-0,,Coventry Rd;near Lyndon Rd,
102,WMTG-E2112-Pole5-Zone1,-1.788645546,52.45335235,Detector,"(-1.7886455459999999, 52.453352350000003)",Coventry Road,606940508,47701263-0,,Coventry Rd;near Lyndon Rd,
103,WMID-JTMS92,-1.487847566,52.40788701,Detector,"(-1.4878475659999999, 52.407887010000003)",Cornets End Lane,21290904,122141471-2,S/B,6B - A444 S/B Brighton Street,
104,WMTG-D0547Pole17-Zone2,-2.118995989,52.48374985,Detector,"(-2.1189959890000001, 52.483749850000002)",Venture Way,312084908,267392088-12,,Level St; Venture Way,
105,WMTG-A0906-7POLE4-Zone2,-2.129418211,52.59770348,Detector,"(-2.1294182109999999, 52.59770348)",,,,,Stafford Rd; near West St,
106,WMID-JTMS55,-1.997321081,52.47122398,Detector,"(-1.9973210809999999, 52.471223979999998)",Wolverhampton Road,2896957835,141793620-1,W/B,4A - A4123 W/B Wolverhampton Rd,
107,WMID-JTMS61,-1.988561389,52.58972808,Detector,"(-1.988561389, 52.58972808)",Green Lane,222360,108263695-1,O/B,5 - A34 NoC O/B Grn Ln Nr Bl Ln,
108,WMTG-G0512_TCAM2-Zone2,-1.805255866,52.4373696,Detector,"(-1.805255866, 52.437369599999997)",Warwick Road,3720140279,4754993-0,,A41 Warwick Rd; St Bernards Rd,
109,WMTG-G0512_TCAM2-Zone1,-1.805255866,52.4373696,Detector,"(-1.805255866, 52.437369599999997)",Warwick Road,3720140279,4754993-0,,A41 Warwick Rd; St Bernards Rd,
110,WMTG-E2530-Pole5-Zone1,-1.889722564,52.51312892,Detector,"(-1.8897225640000002, 52.51312892)",Aston Lane,249804615,32918153-11,,Aston Ln;near Tintern Rd,
111,WMTG-E2530-Pole10-Zone1,-1.889707492,52.51326376,Detector,"(-1.8897074919999999, 52.513263760000001)",Aston Lane,249804615,32918153-11,,Aston Ln;near Tintern Rd,
112,WMTG-G0512_TCAM1-Zone2,-1.806634736,52.43825288,Detector,"(-1.8066347359999999, 52.43825288)",Warwick Road,3720140301,34619695-1,,A41 Warwick Rd; St Bernards Rd,
113,WMTG-A0541POLE1-Zone1,-2.062945125,52.5616006,Detector,"(-2.0629451250000002, 52.561600600000006)",Vulcan Road,250086322,80238279-3,,Oxford St; Loxdale St,
114,WMTG-G0512_TCAM1-Zone1,-1.806634736,52.43825288,Detector,"(-1.8066347359999999, 52.43825288)",Warwick Road,3720140301,34619695-1,,A41 Warwick Rd; St Bernards Rd,
115,WMID-JTMS54,-1.997144419,52.47135883,Detector,"(-1.9971444190000001, 52.47135883)",Wolverhampton Road,2896957835,141793620-1,E/B,3B - A4123 E/B Wolverhampton Rd,
116,WMTG-A0541POLE1-Zone2,-2.062945125,52.5616006,Detector,"(-2.0629451250000002, 52.561600600000006)",Vulcan Road,250086322,80238279-3,,Oxford St; Loxdale St,
117,WMTG-G0144_TCAM2-Zone1,-1.776838422,52.42529077,Detector,"(-1.776838422, 52.425290769999997)",,,,,Lode Lane; Moat Lane,
118,WMID-JTMS33,-2.088724213,52.50740204,Detector,"(-2.0887242130000003, 52.507402040000002)",Churchfield Street,2510457565,243666956-0,,3A - A4101 King St Nr Chfld St,
119,WMTG-A0906-7POLE4-Zone1,-2.129418211,52.59770348,Detector,"(-2.1294182109999999, 52.59770348)",,,,,Stafford Rd; near West St,
120,WMTG-G0144_TCAM2-Zone2,-1.776838422,52.42529077,Detector,"(-1.776838422, 52.425290769999997)",,,,,Lode Lane; Moat Lane,
121,WMTG-G0113_TCAM1-Zone1,-1.768163689,52.41373085,Detector,"(-1.7681636890000001, 52.41373085)",Hampton Lane,3802593701,4709774-2,,A41 Warwick Rd; Hampton Lane,
122,WMTG-G0113_TCAM1-Zone2,-1.768163689,52.41373085,Detector,"(-1.7681636890000001, 52.41373085)",Hampton Lane,3802593701,4709774-2,,A41 Warwick Rd; Hampton Lane,
123,WMTG-E2906-Pole5-Zone2,-1.923687715,52.53839923,Detector,"(-1.923687715, 52.538399230000003)",Walsall Road,241596287,122660003-2,,Walsall Rd;near Booths Farm Rd,
124,WMTG-E2906-Pole5-Zone1,-1.923687715,52.53839923,Detector,"(-1.923687715, 52.538399230000003)",Walsall Road,241596287,122660003-2,,Walsall Rd;near Booths Farm Rd,
125,WMTG-E0750-Pole1-Zone2,-1.906893561,52.46902099,Detector,"(-1.906893561, 52.469020989999997)",,,,,Lee Bank Middleway; nr Ryland Rd,
126,WMTG-E4625-Pole2-Zone1,-1.860021095,52.5488234,Detector,"(-1.860021095, 52.548823399999996)",Chester Road North,218232,14306383-11,,Chester Rd N;near Kings Rd,
127,WMTG-E1393-Pole13-Zone1,-1.97004969,52.41713636,Detector,"(-1.97004969, 52.417136360000001)",Bell Lane,10279013,8001777-0,,Bell Ln;nr Sir Herbert Austin,
128,WMTG-D0514Pole12-Zone1,-2.121145984,52.48378362,Detector,"(-2.121145984, 52.483783619999997)",High Street,251061619,145315530-4,,High St; Bank St; Level St,
129,WMTG-G0645_TCAM1-Zone1,-1.832289255,52.41886449,Detector,"(-1.8322892550000001, 52.418864489999997)",Stratford Road,1077015282,49053914-6,,Stratford Rd; Near Tesco,
130,WMTG-G0112_TCAM1-Zone1,-1.770471095,52.41388818,Detector,"(-1.770471095, 52.413888180000001)",Warwick Road,2648384884,23800883-9,,A41 Warwick Rd; New Rd,
131,WMTG-G0112_TCAM1-Zone2,-1.770471095,52.41388818,Detector,"(-1.770471095, 52.413888180000001)",Warwick Road,2648384884,23800883-9,,A41 Warwick Rd; New Rd,
132,WMTG-E4637-Pole4-Zone1,-1.858518221,52.54840808,Detector,"(-1.858518221, 52.548408080000002)",,,,,Jockey Rd;near Chester Rd,
133,WMTG-C02911-TCAM1-Zone1,-2.084928238,52.47198445,Detector,"(-2.0849282380000003, 52.471984450000001)",St Anne's Road,1652793975,152460958-9,,Foxoak St; St Annes Rd,
134,WMTG-A0915POLE8-Zone1,-2.125101693,52.63195011,Detector,"(-2.125101693, 52.631950109999998)",,,,,Stafford Rd; Springfield Ln,
135,WMTG-E1931-Pole2-Zone1,-1.845594002,52.46584647,Detector,"(-1.8455940019999999, 52.465846470000002)",Coventry Road,457043466,376525693-1,,Coventry Rd;near OldKnow Rd,
136,WMTG-E0829-Pole14-Zone1,-1.921177613,52.4743534,Detector,"(-1.9211776130000002, 52.474353399999998)",Ladywood Middleway,207993,4017690-6,,Ladywood Middleway; Friston Ave,
137,WMTG-E1654-Pole1-Zone2,-1.870169793,52.45772202,Detector,"(-1.8701697930000001, 52.457722019999999)",Stratford Road,385756144,376541392-0,,Stratford Rd;near Beach Rd,
138,WMTG-E4514-Pole1-Zone1,-1.826816011,52.53617575,Detector,"(-1.826816011, 52.536175749999998)",Birmingham Road,653270,10608481-2,,Birmingham Rd;near Holifast Rd,
139,WMTG-E1654-Pole1-Zone1,-1.870169793,52.45772202,Detector,"(-1.8701697930000001, 52.457722019999999)",Stratford Road,385756144,376541392-0,,Stratford Rd;near Beach Rd,
140,WMTG-E0829-Pole15-Zone1,-1.920456629,52.47412817,Detector,"(-1.920456629, 52.47412817)",Friston Avenue,1484856870,28174155-1,,Ladywood Middleway; Friston Ave,
141,WMTG-E1944-Pole7-Zone1,-1.854153118,52.46814077,Detector,"(-1.8541531180000002, 52.468140769999998)",Coventry Road,3686940760,376525694-2,,Coventry Rd;near Wordsworth Rd,
142,WMTG-E0829-Pole14-Zone2,-1.921177613,52.4743534,Detector,"(-1.9211776130000002, 52.474353399999998)",Ladywood Middleway,207993,4017690-6,,Ladywood Middleway; Friston Ave,
143,WMTG-E0170-Pole4-Zone1,-1.898833968,52.48517835,Detector,"(-1.8988339680000001, 52.485178349999998)",St Chads Queensway,316756111,28150878-0,,Great Charles St; Old Snow Hill,
144,WMTG-E0170-Pole4-Zone2,-1.898833968,52.48517835,Detector,"(-1.8988339680000001, 52.485178349999998)",St Chads Queensway,316756111,28150878-0,,Great Charles St; Old Snow Hill,
145,WMTG-B0328Pole32-Zone2,-1.976206998,52.5889082,Detector,"(-1.9762069980000001, 52.588908200000006)",Littleton Street East,3212337839,61374908-5,,Arboretum Junction,
146,WMTG-A0615POLE12-Zone2,-2.085306912,52.58364757,Detector,"(-2.0853069120000001, 52.583647569999997)",Willenhall Road,1007664671,86639183-0,,Willenhall Rd; Deans Rd,
147,WMTG-A0231POLE4-Zone1,-2.153854226,52.56050132,Detector,"(-2.153854226, 52.56050132)",Stourbridge Road,2140009851,3666121-10,,Penn Rd; near Manor Rd,
148,WMTG-E0170-Pole12-Zone2,-1.900173936,52.48521545,Detector,"(-1.9001739359999998, 52.485215449999998)",Old Snow Hill,207234,23167212-1,,Great Charles St; Old Snow Hill,
149,WMTG-E1944-Pole2-Zone1,-1.854491621,52.46815916,Detector,"(-1.854491621, 52.468159159999999)",Coventry Road,3794300890,12650000-0,,Coventry Rd;near Wordsworth Rd,
150,WMTG-D0422Pole5-Zone1,-2.170643096,52.50410269,Detector,"(-2.170643096, 52.504102690000003)",Stallings Lane,1073199092,92441469-0,,Dudley Rd; Wolverhampton Rd,
151,WMTG-E0829-Pole15-Zone2,-1.920456629,52.47412817,Detector,"(-1.920456629, 52.47412817)",Friston Avenue,1484856870,28174155-1,,Ladywood Middleway; Friston Ave,
152,WMTG-B0328Pole7-Zone1,-1.975454527,52.5883327,Detector,"(-1.9754545269999999, 52.588332700000002)",Lower Rushall Street,918445626,78182933-1,,Arboretum Junction,
153,WMTG-A0212POLE2-Zone1,-2.138964762,52.572692,Detector,"(-2.1389647620000001, 52.572692000000004)",Penn Road,2994872607,87130624-2,,Penn Rd; near The Royal School,
154,WMTG-D0214Pole2-Zone1,-2.084932809,52.52769504,Detector,"(-2.0849328090000001, 52.527695039999998)",Priory Road,244239593,78046025-0,,Birmingham New Rd; Priory Rd,
155,WMTG-E2224-Pole15-Zone1,-1.815684921,52.49037331,Detector,"(-1.8156849209999999, 52.490373310000003)",Stechford Road,209939,29373488-0,,Stechford Rd;near Stechford Ln,
156,WMTG-B0328Pole32-Zone1,-1.976206998,52.5889082,Detector,"(-1.9762069980000001, 52.588908200000006)",Littleton Street East,3212337839,61374908-5,,Arboretum Junction,
157,WMTG-G0135_TCAM1-Zone2,-1.785877147,52.41424968,Detector,"(-1.7858771469999999, 52.414249679999998)",Station Approach,2620928778,4692844-6,,Blossomfield Rd; Stat'n Approach,
158,WMTG-A0615POLE2-Zone2,-2.085306912,52.58364757,Detector,"(-2.0853069120000001, 52.583647569999997)",Willenhall Road,1007664671,86639183-0,,Willenhall Rd; Deans Rd,
159,WMTG-A0615POLE12-Zone1,-2.085306912,52.58364757,Detector,"(-2.0853069120000001, 52.583647569999997)",Willenhall Road,1007664671,86639183-0,,Willenhall Rd; Deans Rd,
160,WMTG-A0541POLE4-Zone3,-2.062945125,52.5616006,Detector,"(-2.0629451250000002, 52.561600600000006)",Vulcan Road,250086322,80238279-3,,Oxford St; Loxdale St,
161,WMTG-A0613POLE3-Zone1,-2.108611784,52.58393409,Detector,"(-2.1086117840000003, 52.58393409)",Willenhall Road,427053501,107081741-0,,Lower Walsall St; Willenhall Rd,
162,WMTG-A0231POLE5-Zone1,-2.153854226,52.56050132,Detector,"(-2.153854226, 52.56050132)",Stourbridge Road,2140009851,3666121-10,,Penn Rd; near Manor Rd,
163,WMTG-A0563POLE5-Zone2,-2.073645294,52.56481276,Detector,"(-2.0736452939999999, 52.564812760000002)",Black Country Route,201508751,23150151-0,,Black Country Route; Morrisons,
164,WMTG-A0342POLE3-Zone1,-2.126069692,52.57301211,Detector,"(-2.1260696919999997, 52.573012110000001)",Dudley Road,438792,43998784-7,,Dudley Rd; Bromley St,
165,WMTG-A0563POLE5-Zone1,-2.073645294,52.56481276,Detector,"(-2.0736452939999999, 52.564812760000002)",Black Country Route,201508751,23150151-0,,Black Country Route; Morrisons,
166,WMTG-A0563POLE4-Zone2,-2.073645294,52.56481276,Detector,"(-2.0736452939999999, 52.564812760000002)",Black Country Route,201508751,23150151-0,,Black Country Route; Morrisons,
167,WMTG-A915POLE6-Zone1,-2.125101693,52.63195011,Detector,"(-2.125101693, 52.631950109999998)",,,,,Stafford Rd; Springfield Ln,
168,WMTG-A0563POLE4-Zone1,-2.073645294,52.56481276,Detector,"(-2.0736452939999999, 52.564812760000002)",Black Country Route,201508751,23150151-0,,Black Country Route; Morrisons,
169,WMTG-A0553POLE1-Zone1,-2.084998518,52.56922813,Detector,"(-2.0849985179999999, 52.569228129999999)",Field Close,2714158638,265793534-1,,Wellington Rd; Bilston College,
170,WMTG-A0553POLE2-Zone1,-2.084998518,52.56922813,Detector,"(-2.0849985179999999, 52.569228129999999)",Field Close,2714158638,265793534-1,,Wellington Rd; Bilston College,
171,WMTG-E2224-Pole4-Zone1,-1.81570115,52.49001374,Detector,"(-1.81570115, 52.490013740000002)",Stechford Road,1352330338,4254559-0,,Stechford Ln;near Stechford Rd,
172,WMTG-D0411Pole2-Zone1,-2.161615232,52.48084041,Detector,"(-2.1616152319999999, 52.480840409999999)",Wordsley Green,19855724,23210235-0,,High St; Lawnswood Rd,
173,WMTG-A0231POLE4-Zone2,-2.153854226,52.56050132,Detector,"(-2.153854226, 52.56050132)",Stourbridge Road,2140009851,3666121-10,,Penn Rd; near Manor Rd,
174,WMTG-E2224-Pole12-Zone2,-1.816053708,52.49023005,Detector,"(-1.8160537080000001, 52.490230050000001)",Stechford Road,3762631366,4254559-1,,Stechford Ln;near Stechford Rd,
175,WMTG-G0135_TCAM1-Zone1,-1.785877147,52.41424968,Detector,"(-1.7858771469999999, 52.414249679999998)",Station Approach,2620928778,4692844-6,,Blossomfield Rd; Stat'n Approach,
176,WMTG-G0141_TCAM2-Zone1,-1.775860928,52.42084783,Detector,"(-1.7758609280000002, 52.42084783)",Caldwell Grove,252618635,23329100-2,,A41 Solihull Bypass; Lode Lane,
177,WMTG-A0915POLE8-Zone2,-2.125101693,52.63195011,Detector,"(-2.125101693, 52.631950109999998)",,,,,Stafford Rd; Springfield Ln,
178,WMTG-A0615POLE2-Zone1,-2.085306912,52.58364757,Detector,"(-2.0853069120000001, 52.583647569999997)",Willenhall Road,1007664671,86639183-0,,Willenhall Rd; Deans Rd,
179,WMTG-E0170-Pole5-Zone2,-1.89988005,52.48493651,Detector,"(-1.8998800499999999, 52.484936509999997)",St Chads Circus Queensway,316756120,28810885-0,,Great Charles St; Old Snow Hill,
180,WMTG-D0411Pole7-Zone1,-2.161615232,52.48084041,Detector,"(-2.1616152319999999, 52.480840409999999)",Wordsley Green,19855724,23210235-0,,High St; Lawnswood Rd,
181,WMTG-E0170-Pole5-Zone1,-1.89988005,52.48493651,Detector,"(-1.8998800499999999, 52.484936509999997)",St Chads Circus Queensway,316756120,28810885-0,,Great Charles St; Old Snow Hill,
182,WMTG-B0328Pole7-Zone2,-1.975454527,52.5883327,Detector,"(-1.9754545269999999, 52.588332700000002)",Lower Rushall Street,918445626,78182933-1,,Arboretum Junction,
183,WMTG-E1393-Pole22-Zone1,-1.970181904,52.41730721,Detector,"(-1.9701819040000002, 52.417307209999997)",Sir Herbert Austin Way,15857410,50586153-0,,Sir Herbert Austin;near Bell Ln,
184,WMTG-B0415Pole2-Zone2,-2.010465706,52.58652776,Detector,"(-2.0104657059999997, 52.586527760000003)",Tempus Drive,3749553535,32112369-0,,Wolverhampton Rd; Bloxwich Ln,
185,WMTG-B0415Pole2-Zone1,-2.010465706,52.58652776,Detector,"(-2.0104657059999997, 52.586527760000003)",Tempus Drive,3749553535,32112369-0,,Wolverhampton Rd; Bloxwich Ln,
186,WMTG-E1393-Pole22-Zone2,-1.970181904,52.41730721,Detector,"(-1.9701819040000002, 52.417307209999997)",Sir Herbert Austin Way,15857410,50586153-0,,Sir Herbert Austin;near Bell Ln,
187,WMTG-E0755-Pole3-Zone1,-1.899955489,52.471119,Detector,"(-1.8999554890000001, 52.471118999999995)",Wrentham Street,259963987,9942886-0,,Bristol St; near Wrentham St,
188,WMTG-E0170-Pole12-Zone1,-1.900173936,52.48521545,Detector,"(-1.9001739359999998, 52.485215449999998)",Old Snow Hill,207234,23167212-1,,Great Charles St; Old Snow Hill,
189,WMTG-A915POLE6-Zone2,-2.125101693,52.63195011,Detector,"(-2.125101693, 52.631950109999998)",,,,,Stafford Rd; Springfield Ln,
190,WMTG-A0613POLE3-Zone2,-2.108611784,52.58393409,Detector,"(-2.1086117840000003, 52.58393409)",Willenhall Road,427053501,107081741-0,,Lower Walsall St; Willenhall Rd,
191,WMTG-A0231POLE5-Zone2,-2.153854226,52.56050132,Detector,"(-2.153854226, 52.56050132)",Stourbridge Road,2140009851,3666121-10,,Penn Rd; near Manor Rd,
192,WMTG-E0750-Pole1-Zone1,-1.906893561,52.46902099,Detector,"(-1.906893561, 52.469020989999997)",,,,,Lee Bank Middleway; nr Ryland Rd,
193,WMTG-A0212POLE1-Zone1,-2.138876487,52.57277301,Detector,"(-2.1388764869999997, 52.572773009999999)",Penn Road,2994872607,87130624-2,,Penn Road,
194,WMID-JTMS45,-2.061156769,52.45344385,Detector,"(-2.0611567690000001, 52.453443849999999)",Stourbridge Road,1597531013,298596645-2,,9A - A458 Stbdg Rd Nr Atwd St,
195,JTMS17,-1.815404628,52.44467676,Detector,"(-1.815404628, 52.44467676)",Warwick Road,354655230,34588650-0,I/B,21A - A41 (SoC) I/B Warwick Road,
196,WMID-JTMS93,-1.4351907,52.39641856,Detector,"(-1.4351906999999999, 52.396418560000001)",Rouncil Lane,439989722,54610908-2,W/B,7A - A428  W/B Brandon Road,
197,BIRM-JTMS20,-1.838699279,52.60451521,Detector,"(-1.8386992790000001, 52.604515210000002)",Lichfield Road,210392,2616-0,O/B,23B - A5127 O/B, Lichfield Road
198,BIRM-JTMS10,-1.92857069,52.54576496,Detector,"(-1.9285706899999999, 52.54576496)",Hamble Road,241596176,265943908-0,I/B,10B2 - A4041 I/B  Queslett Road,
199,BIRM-JTMS24,-1.887856094,52.40668565,Detector,"(-1.887856094, 52.40668565)",Alcester Road South,21295126,4017632-1,O/B,29B - A435 O/B AlcesterRoadSouth,
200,WMID-70501,-1.78815791,52.38004645,Detector,"(-1.78815791, 52.380046450000002)",Stratford Road,629507248,4258066-0,I/B,5A-A34 Stratford Rd (SoC) I/B,
201,JTMS14,-1.975763145,52.42833027,Detector,"(-1.9757631449999999, 52.428330269999996)",Shenley Lane,1549276039,50586201-5,I/B,16A - B4121 I/B Shenley Lane,
202,WMID-175461,-1.805342384,52.4377653,Detector,"(-1.805342384, 52.437765299999995)",Warwick Road,3720140285,373633945-0,I/B,3A-A41  Warwick Rd I/B,
203,BIRM-JTMS58,-1.947868083,52.48764628,Detector,"(-1.9478680830000001, 52.48764628)",Dudley Road,305215606,34752237-8,I/B,18A - A457 I/B Dudley Road,
204,BIRM-JTMS61,-1.87798792,52.46709789,Detector,"(-1.87798792, 52.467097889999998)",Stratford Road,1574348864,42783865-0,O/B,19B - A34 (SoC) O/B Stratford Rd,
205,WMID-78091,-1.783595335,52.41485685,Detector,"(-1.783595335, 52.41485685)",Lode Lane,29944589,4705991-1,I/B,6A-B4102 Lode Lane I/B,
206,JTMS29,-1.809660682,52.48369324,Detector,"(-1.8096606819999999, 52.483693240000001)",Station Road,209959,74187693-1,CW,A4040 CW4 - Station Rd Stechford,
207,BIRM-JTMS52,-1.901069354,52.48649277,Detector,"(-1.9010693540000001, 52.486492769999998)",Summer Lane,1831042679,23167225-1,I/B,13B - A41(NoC I/B OSH Summerlane,
208,BIRM-JTMS60,-1.834267183,52.42075519,Detector,"(-1.8342671830000001, 52.420755190000001)",Stratford Road,32832450,4960289-3,O/B,19A - A34 (SoC) O/B Stratford Rd,
209,WMID-JTMS81,-1.524023801,52.38201157,Detector,"(-1.524023801, 52.382011570000003)",Table Oak Lane,280707712,25742861-0,E/B,1B2 - A45 E/B Knps Hghwy/Grn Ln,
210,WMID-70511,-1.782138923,52.41503398,Detector,"(-1.7821389230000002, 52.415033979999997)",,,,O/B,6B-B4102 Lode Lane O/B,
211,JTMS32,-1.847900855,52.42424364,Detector,"(-1.847900855, 52.42424364)",Robin Hood Lane,156753779,15697244-0,ACW,A4040ACW3 - RobinHd Ln, YardlyWd
212,WMID-175481,-1.781336472,52.43461285,Detector,"(-1.7813364719999998, 52.434612850000001)",Lode Lane,721998108,37046418-1,I/B,2A-B425 Lode Lane I/B,
213,WMID-78111,-1.750946574,52.40607228,Detector,"(-1.7509465740000001, 52.406072279999997)",Solihull Bypass,2012333602,4257979-1,O/B,9B-A41 Solihull By-Pass O/B,
214,BIRM-JTMS43,-1.887218423,52.46085899,Detector,"(-1.8872184230000002, 52.460858989999998)",Haden Way,21295255,4017645-1,I/B,7B - A435 I/B Haden Circus,
215,BIRM-JTMS19,-1.857963118,52.51014645,Detector,"(-1.857963118, 52.510146450000001)",Gravelly Hill,1581694568,3240882-0,O/B,23A/26A -A5127 O/B, GravellyHill
216,BIRM-JTMS57,-1.901702847,52.46649961,Detector,"(-1.9017028469999999, 52.46649961)",Bristol Road,914808261,115346215-3,I/B,16B - B4121 I/B Bristol Rd,
217,WMTG-D0422Pole11-Zone1,-2.170643096,52.50410269,Detector,"(-2.170643096, 52.504102690000003)",Stallings Lane,1073199092,92441469-0,,Dudley Rd; Wolverhampton Rd,
218,JTMS9,-1.879461317,52.56911683,Detector,"(-1.8794613169999999, 52.569116829999999)",Thornhill Road,207707,4359316-0,I/B,10B - B4138I/B ThrnhilRd/ChestRd,
219,WMTG-G0645_TCAM1-Zone2,-1.832289255,52.41886449,Detector,"(-1.8322892550000001, 52.418864489999997)",Stratford Road,1077015282,49053914-6,,Stratford Rd; Near Tesco,
220,BIRM-JTMS26,-1.965889387,52.47382625,Detector,"(-1.9658893869999998, 52.473826250000002)",Barnsley Road,1232406540,4089489-0,CW,A4040CW1 - Barnsley Rd Bearwood,
221,WMID-JTMS70,-2.003974014,52.61356042,Detector,"(-2.0039740140000002, 52.613560419999999)",,,,O/B,14 - A34 O/B Hgh St Nr Reeves st,
222,BIRM-JTMS62,-1.866566199,52.45706174,Detector,"(-1.866566199, 52.45706174)",Medlicott Road,1947581782,121006258-4,O/B,20A - A41 (SoC) O/B Warwick Rd,
223,JTMS13,-2.007813868,52.45261446,Detector,"(-2.0078138679999999, 52.452614459999999)",Quinton Expressway,7345816,4242590-0,I/B,15A2 - A456 I/B QuintonExpresswy,
224,JTMS10,-1.92857069,52.54576496,Detector,"(-1.9285706899999999, 52.54576496)",Hamble Road,241596176,265943908-0,I/B,10B2 - A4041 I/B  Queslett Road,
225,JTMS1,-1.803139471,52.57894848,Detector,"(-1.8031394709999999, 52.578948480000001)",Tamworth Road,207105,177724782-1,I/B,1A - A453 I/B  Tamworth Road,
226,BIRM-JTMS9,-1.879461317,52.56911683,Detector,"(-1.8794613169999999, 52.569116829999999)",Thornhill Road,207707,4359316-0,I/B,10B - B4138I/B ThrnhilRd/ChestRd,
227,JTMS27,-1.930675542,52.41656254,Detector,"(-1.9306755419999999, 52.416562540000001)",Watford Road,11370850,4643532-0,CW,A4040CW2 - Watford Rd KingsNortn,
228,BIRM-JTMS74,-1.898588993,52.51493481,Detector,"(-1.8985889930000002, 52.51493481)",Aston Lane,246191227,32918153-0,ACW,A4040 ACW5 - Aston Ln Perry Barr,
229,BIRM-JTMS71,-1.886368122,52.45956362,Detector,"(-1.8863681219999999, 52.459563619999997)",Vincent Parade,270051722,24853989-0,O/B,29A - A435 O/B Haden Way,
230,BIRM-JTMS69,-1.899647365,52.47066924,Detector,"(-1.8996473650000001, 52.470669239999999)",,,,O/B,28A - A38 (SoC) O/B Bristol St,
231,JTMS38,-1.89294012,52.48662955,Detector,"(-1.89294012, 52.486629550000004)",Lancaster Street,875777152,366514265-0,I/B,3B1 - A34 I/B Lancaster Circus,
232,BIRM-JTMS68,-1.898303281,52.48542063,Detector,"(-1.898303281, 52.48542063)",Queensway,203516,145231650-0,O/B,27A - A38(NoC)O/B StChadsQuenswy,
233,BIRM-JTMS65,-1.921820581,52.48541148,Detector,"(-1.921820581, 52.485411480000003)",Ellen Street,18403241,27622937-0,O/B,24A - A457 O/B Spring Hill,
234,BIRM-JTMS64,-1.922609611,52.47209786,Detector,"(-1.9226096109999999, 52.472097859999998)",Hagley Road,3797856851,4316057-1,O/B,22A - A456 O/B Hagley Rd,
235,JTMS15,-1.839426054,52.59958081,Detector,"(-1.839426054, 52.599580809999999)",Lichfield Road,210392,2616-0,I/B,17A - A5127 I/B Lichfield Rd,
236,BIRM-JTMS6,-1.885063664,52.41215793,Detector,"(-1.885063664, 52.412157929999999)",Alcester Road South,900361730,76353115-0,I/B,7A - A435 I/B Alcester Rd South,
237,WMID-70481,-1.832348887,52.41864882,Detector,"(-1.832348887, 52.418648820000001)",Stratford Road,1077015282,49053914-6,O/B,4B-A34 Stratford Rd (NoC) O/B,
238,WMID-JTMS40,-2.117600396,52.45743758,Detector,"(-2.1176003959999998, 52.457437579999997)",Pedmore Road,1667246789,91570670-7,,6B - A4036 Pdmre Rd Nr the Glade,
239,BIRM-JTMS8,-1.846257811,52.60496575,Detector,"(-1.8462578109999999, 52.604965749999998)",Clarence Road,6898830,69409237-0,I/B,10A - A4026 I/B Blake Street,
240,BIRM-JTMS56,-1.922211737,52.47232235,Detector,"(-1.9222117369999998, 52.472322349999999)",Hagley Road,221748,4316057-0,I/B,15B - A456I/B Hagley Rd/FiveWays,
241,BIRM-JTMS55,-1.943823897,52.47157938,Detector,"(-1.9438238969999999, 52.471579380000001)",Hagley Road,7346344,137652671-6,I/B,15A1 -  A456 Hagley Rd I/B,
242,JTMS30,-1.906868458,52.51590352,Detector,"(-1.9068684580000002, 52.515903520000002)",Wellington Road,1370034605,122668365-10,CW,A4040 CW5 - WellingtonRd  P Barr,
243,BIRM-JTMS53,-1.900643849,52.48580019,Detector,"(-1.9006438490000002, 52.485800189999999)",Lionel Street,245494478,77182240-0,O/B,14A-A41(NoC)O/B OldHil/Lionel St,
244,WMID-JTMS84,-1.496707789,52.4082397,Detector,"(-1.496707789, 52.408239700000003)",Cornets End Lane,21290904,122141471-2,E/B,3A - A4600 E/B Sky Blue Way,
245,BIRM-JTMS51,-1.95715419,52.50953148,Detector,"(-1.95715419, 52.50953148)",Holyhead Road,243741266,136914618-2,I/B,13A2 - A41 (NoC) Holyhead Rd I/B,
246,BIRM-JTMS49,-1.878677578,52.46788972,Detector,"(-1.878677578, 52.467889720000002)",,,,I/B,12B - A34(SoC)I/B CampHillMidlwy,
247,BIRM-JTMS48,-1.833124925,52.41951296,Detector,"(-1.8331249249999999, 52.419512959999999)",Stratford Road,1077015238,33769240-1,I/B,12A - A34 (SoC) Stratford Rd I/B,
248,JTMS8,-1.846257811,52.60496575,Detector,"(-1.8462578109999999, 52.604965749999998)",Clarence Road,6898830,69409237-0,I/B,10A - A4026 I/B Blake Street,
249,WMTG-G0625_TCAM2-Zone1,-1.809463347,52.40310632,Detector,"(-1.8094633469999999, 52.403106319999999)",Widney Lane,3826045457,14029402-0,,Blossomfield Rd; Widney Lane,
250,WMTG-D0422Pole11-Zone2,-2.170643096,52.50410269,Detector,"(-2.170643096, 52.504102690000003)",Stallings Lane,1073199092,92441469-0,,Dudley Rd; Wolverhampton Rd,
251,WMID-JTMS88,-1.495694437,52.40815447,Detector,"(-1.4956944369999998, 52.408154469999999)",Cornets End Lane,21290904,122141471-2,W/B,4B/7B - A4600  W/B Sky Blue Way,
252,WMID-JTMS78,-1.989741862,52.59146322,Detector,"(-1.9897418619999998, 52.591463220000001)",Green Lane,304729853,108263695-0,I/B,22 - A34 I/B Green Ln Nr Blue Ln,
253,WMID-JTMS62,-1.975586916,52.58915979,Detector,"(-1.9755869159999999, 52.589159789999997)",Lichfield Street,3212337845,292902828-0,O/B,6 -A461 NoC O/B  Lchfld st,
254,WMID-JTMS59,-1.946140706,52.56388876,Detector,"(-1.946140706, 52.563888759999998)",Birmingham Road,222195,7983911-1,I/B,3 - A34 SoC I/B Brm Rd Nr Bcn Rd,
255,WMID-JTMS32,-2.064602517,52.51513106,Detector,"(-2.064602517, 52.515131060000002)",Birmingham New Road,1510556321,370924350-11,,2B - A4123 Birm Nw Rd Nr Birm Rd,
256,WMID-78081,-1.781658558,52.43491911,Detector,"(-1.7816585580000002, 52.434919110000003)",Lode Lane,2623260814,4722854-1,O/B,2B-B425 Lode Lane O/B,
257,WMID-70461,-1.790852435,52.38186725,Detector,"(-1.7908524349999999, 52.381867249999999)",Stratford Road,1200415229,50123978-0,O/B,5B-A34 Stratford Rd (SoC) O/B,
258,WMID-70441,-1.820033472,52.42072543,Detector,"(-1.820033472, 52.420725429999997)",Streetsbrook Road,277578210,134417730-0,I/B,8A-B4025 Streetsbrook Rd I/B,
259,WMID-175861,-1.753744146,52.40787615,Detector,"(-1.7537441459999998, 52.40787615)",Solihull Bypass,14336504,4257979-1,I/B,9A-A41 Solihull By-Pass I/B,
260,WMID-175291,-1.832449533,52.41925129,Detector,"(-1.8324495330000001, 52.419251289999998)",Stratford Road,3772959272,33769239-0,I/B,4A-A34 Stratford Rd (NoC) I/B,
261,BIRM-JTMS46,-1.900177868,52.47042696,Detector,"(-1.9001778680000001, 52.470426959999998)",Monaco House Underpass,2030596186,192507862-0,I/B,9B2-A38 (SoC )I/B Bristol St,
262,JTMS71,-1.886368122,52.45956362,Detector,"(-1.8863681219999999, 52.459563619999997)",Vincent Parade,270051722,24853989-0,O/B,29A - A435 O/B Haden Way,
263,JTMS5,-1.874013321,52.47235287,Detector,"(-1.8740133209999998, 52.472352870000002)",Small Heath Highway,4045579490,255664165-1,I/B,6B - A45 I/B Bordersley Circus,
264,JTMS34,-1.899496329,52.51769549,Detector,"(-1.899496329, 52.517695490000001)",Aldridge Road,255400335,23585194-6,I/B,1B1 - A453 I/B Perry Barr/A34,
265,JTMS3,-1.854940082,52.51091592,Detector,"(-1.8549400819999999, 52.510915920000002)",Gravelly Hill,1572989168,69409255-0,I/B,1B3/17B - A5127I/B  GravellyHill,
266,JTMS28,-1.898588993,52.51493481,Detector,"(-1.8985889930000002, 52.51493481)",Aston Lane,246191227,32918153-0,CW,A4040 CW3 - RobinHodLn Yardly Wd,
267,JTMS26,-1.965889387,52.47382625,Detector,"(-1.9658893869999998, 52.473826250000002)",Barnsley Road,1232406540,4089489-0,CW,A4040CW1 - Barnsley Rd Bearwood,
268,JTMS24,-1.887856094,52.40668565,Detector,"(-1.887856094, 52.40668565)",Alcester Road South,21295126,4017632-1,O/B,29B - A435 O/B AlcesterRoadSouth,
269,JTMS23,-1.770163841,52.56633934,Detector,"(-1.770163841, 52.566339339999999)",Sutton Coldfield Bypass,207043,189597803-1,O/B,27B - A38 (NoC) O/B M6Toll T3,
270,JTMS22,-1.787095983,52.58858481,Detector,"(-1.7870959830000002, 52.58858481)",Tamworth Road,255168,2582-0,O/B,26B - A453 O/B TamworthRd M6Toll,
271,JTMS20,-1.838699279,52.60451521,Detector,"(-1.8386992790000001, 52.604515210000002)",Lichfield Road,210392,2616-0,O/B,23B - A5127 O/B, Lichfield Road
272,JTMS2,-1.778659465,52.52860703,Detector,"(-1.7786594650000001, 52.528607030000003)",Kingsbury Road,8888454,28422591-0,I/B,2A - A38 (NoC) I/B  Kingsbury Rd,
273,JTMS18,-2.013007088,52.44874829,Detector,"(-2.0130070880000002, 52.448748289999997)",Quinton Expressway,7345809,115247672-0,O/B,22B - A456 O/B QuintonExpressway,
274,JTMS19,-1.857963118,52.51014645,Detector,"(-1.857963118, 52.510146450000001)",Gravelly Hill,1581694568,3240882-0,O/B,23A/26A -A5127 O/B, GravellyHill
275,BIRM-JTMS38,-1.89294012,52.48662955,Detector,"(-1.89294012, 52.486629550000004)",Lancaster Street,875777152,366514265-0,I/B,3B1 - A34 I/B Lancaster Circus,
276,BIRM-JTMS11,-1.882209037,52.50155167,Detector,"(-1.882209037, 52.501551669999998)",Waterlinks Boulevard,222027,4762191-0,O/B,11B1 - B4132 O/B WarterLnkBulvrd,
277,JTMS64,-1.922609611,52.47209786,Detector,"(-1.9226096109999999, 52.472097859999998)",Hagley Road,3797856851,4316057-1,O/B,22A - A456 O/B Hagley Rd,
278,JTMS35,-1.895603002,52.49395873,Detector,"(-1.8956030019999999, 52.493958730000003)",Newtown Row,205232,366498187-1,I/B,1B2/3B2/10B3-A34I/B NewtnMidlewy,
279,WMID-39401731,-1.750621973,52.40628736,Detector,"(-1.7506219730000001, 52.40628736)",Solihull Bypass,14336512,402683445-0,I/B,10-A45 Coventry Rd I/B,
280,JTMS11,-1.882209037,52.50155167,Detector,"(-1.882209037, 52.501551669999998)",Waterlinks Boulevard,222027,4762191-0,O/B,11B1 - B4132 O/B WarterLnkBulvrd,
281,BIRM-JTMS13,-2.007813868,52.45261446,Detector,"(-2.0078138679999999, 52.452614459999999)",Quinton Expressway,7345816,4242590-0,I/B,15A2 - A456 I/B QuintonExpresswy,
282,BIRM-JTMS29,-1.809660682,52.48369324,Detector,"(-1.8096606819999999, 52.483693240000001)",Station Road,209959,74187693-1,CW,A4040 CW4 - Station Rd Stechford,
283,JTMS7,-1.94221192,52.39814806,Detector,"(-1.9422119200000001, 52.398148059999997)",Redditch Road,21321856,4020807-0,I/B,8A - A441 I/B Redditch Rd,
284,JTMS46,-1.900177868,52.47042696,Detector,"(-1.9001778680000001, 52.470426959999998)",Monaco House Underpass,2030596186,192507862-0,I/B,9B2-A38 (SoC )I/B Bristol St,
285,BIRM-JTMS1,-1.803139471,52.57894848,Detector,"(-1.8031394709999999, 52.578948480000001)",Tamworth Road,207105,177724782-1,I/B,1A - A453 I/B  Tamworth Road,
286,BIRM-JTMS36,-1.890934972,52.48758965,Detector,"(-1.8909349719999999, 52.487589649999997)",Corporation Street,1351850117,237228282-2,I/B,2B - A38 (NoC)  I/B - Lanc Circ,
287,BIRM-JTMS31,-1.929382269,52.41619318,Detector,"(-1.929382269, 52.41619318)",Pershore Road,15862774,23627602-0,ACW,A4040ACW2 - PershoreRd KingsNort,
288,BIRM-JTMS42,-1.795256022,52.45580925,Detector,"(-1.7952560219999998, 52.455809250000001)",New Coventry Road,252183394,23298068-0,I/B,6A - A45 New Coventry Rd I/B,
289,BIRM-JTMS15,-1.839426054,52.59958081,Detector,"(-1.839426054, 52.599580809999999)",Lichfield Road,210392,2616-0,I/B,17A - A5127 I/B Lichfield Rd,
290,BIRM-JTMS12,-1.796276384,52.50899566,Detector,"(-1.796276384, 52.508995659999997)",Newport Road,3778091696,28422700-0,O/B,11B2 - A452 O/B NewPrtRdNrM6Jct5,
291,BIRM-JTMS34,-1.899496329,52.51769549,Detector,"(-1.899496329, 52.517695490000001)",Aldridge Road,255400335,23585194-6,I/B,1B1 - A453 I/B Perry Barr/A34,
292,BIRM-JTMS54,-1.958465546,52.50949598,Detector,"(-1.958465546, 52.509495979999997)",Holyhead Road,1234822607,48390922-0,O/B,14B - A41 (NoC) Holyhead Rd O/B,
293,JTMS6,-1.885063664,52.41215793,Detector,"(-1.885063664, 52.412157929999999)",Alcester Road South,900361730,76353115-0,I/B,7A - A435 I/B Alcester Rd South,
294,BIRM-JTMS14,-1.975763145,52.42833027,Detector,"(-1.9757631449999999, 52.428330269999996)",Shenley Lane,1549276039,50586201-5,I/B,16A - B4121 I/B Shenley Lane,
295,WMID-JTMS53,-2.056287803,52.51224957,Detector,"(-2.056287803, 52.512249570000002)",New Birmingham Road,20959154,140679280-2,E/B,3A - A4123 E/B New Birmingham Rd,
296,BIRM-JTMS3,-1.854940082,52.51091592,Detector,"(-1.8549400819999999, 52.510915920000002)",Gravelly Hill,1572989168,69409255-0,I/B,1B3/17B - A5127I/B  GravellyHill,
297,JTMS74,-1.898588993,52.51493481,Detector,"(-1.8985889930000002, 52.51493481)",Aston Lane,246191227,32918153-0,ACW,A4040 ACW5 - Aston Ln Perry Barr,
298,BIRM-JTMS5,-1.874013321,52.47235287,Detector,"(-1.8740133209999998, 52.472352870000002)",Small Heath Highway,4045579490,255664165-1,I/B,6B - A45 I/B Bordersley Circus,
299,BIRM-JTMS28,-1.898588993,52.51493481,Detector,"(-1.8985889930000002, 52.51493481)",Aston Lane,246191227,32918153-0,CW,A4040 CW3 - RobinHodLn Yardly Wd,
300,BIRM-JTMS23,-1.770163841,52.56633934,Detector,"(-1.770163841, 52.566339339999999)",Sutton Coldfield Bypass,207043,189597803-1,O/B,27B - A38 (NoC) O/B M6Toll T3,
301,BIRM-JTMS45,-1.976009358,52.40802179,Detector,"(-1.9760093580000002, 52.408021789999999)",Bristol Road South,12778994,49946827-21,I/B,9A-A38I/B(SoC)  Bristol Rd South,
302,BIRM-JTMS41,-1.760889508,52.45120489,Detector,"(-1.7608895080000002, 52.45120489)",Coventry Road,613597167,48294382-0,O/B,5B - A45  Coventry Road O/B,
303,BIRM-JTMS40,-1.925263167,52.53964982,Detector,"(-1.9252631669999998, 52.539649820000001)",Walsall Road,246646485,143628967-7,O/B,4B - A34 O/B WalsallRd, PBeeches
304,BIRM-JTMS39,-1.895652726,52.49785142,Detector,"(-1.895652726, 52.497851420000003)",High Street,209813,339393130-2,O/B,4A - A34 O/B Newtown,
305,JTMS33,-1.809893615,52.48431392,Detector,"(-1.809893615, 52.484313919999998)",Station Road,3762338310,74187693-1,ACW,A4040 ACW4 - Station Rd, Stechfd
306,BIRM-JTMS37,-1.908051685,52.52797787,Detector,"(-1.908051685, 52.527977870000001)",Walsall Road,3798001596,381223615-1,I/B,3A - A34 I/B Walsall Road,
307,BIRM-JTMS33,-1.809893615,52.48431392,Detector,"(-1.809893615, 52.484313919999998)",Station Road,3762338310,74187693-1,ACW,A4040 ACW4 - Station Rd, Stechfd
308,BIRM-JTMS32,-1.847900855,52.42424364,Detector,"(-1.847900855, 52.42424364)",Robin Hood Lane,156753779,15697244-0,ACW,A4040ACW3 - RobinHd Ln, YardlyWd
309,BIRM-JTMS30,-1.906868458,52.51590352,Detector,"(-1.9068684580000002, 52.515903520000002)",Wellington Road,1370034605,122668365-10,CW,A4040 CW5 - WellingtonRd  P Barr,
310,BIRM-JTMS27,-1.930675542,52.41656254,Detector,"(-1.9306755419999999, 52.416562540000001)",Watford Road,11370850,4643532-0,CW,A4040CW2 - Watford Rd KingsNortn,
311,BIRM-JTMS25,-1.956695999,52.39024294,Detector,"(-1.9566959990000001, 52.39024294)",Redditch Road,315286643,4020802-2,O/B,30B - A441 O/B Redditch Road,
312,BIRM-JTMS7,-1.94221192,52.39814806,Detector,"(-1.9422119200000001, 52.398148059999997)",Redditch Road,21321856,4020807-0,I/B,8A - A441 I/B Redditch Rd,
313,WMTG-G0141_TCAM2-Zone2,-1.775860928,52.42084783,Detector,"(-1.7758609280000002, 52.42084783)",Caldwell Grove,252618635,23329100-2,,A41 Solihull Bypass; Lode Lane,
314,BIRM-JTMS22,-1.787095983,52.58858481,Detector,"(-1.7870959830000002, 52.58858481)",Tamworth Road,255168,2582-0,O/B,26B - A453 O/B TamworthRd M6Toll,
315,BIRM-JTMS2,-1.778659465,52.52860703,Detector,"(-1.7786594650000001, 52.528607030000003)",Kingsbury Road,8888454,28422591-0,I/B,2A - A38 (NoC) I/B  Kingsbury Rd,
316,WMID-175311,-1.763881052,52.41730043,Detector,"(-1.7638810519999999, 52.417300429999997)",Hampton Lane,29981175,35015877-4,I/B,1A -B4102 Hampton Lane I/B,
317,BIRM-JTMS18,-2.013007088,52.44874829,Detector,"(-2.0130070880000002, 52.448748289999997)",Quinton Expressway,7345809,115247672-0,O/B,22B - A456 O/B QuintonExpressway,
318,BIRM-JTMS50,-1.918615757,52.49847171,Detector,"(-1.918615757, 52.498471709999997)",Wretham Road,281468476,25804738-0,I/B,13A1 -A41 I/B (NoC) Soho Hill,
319,BIRM-JTMS17,-1.815404628,52.44467676,Detector,"(-1.815404628, 52.44467676)",Warwick Road,354655230,34588650-0,I/B,21A - A41 (SoC) I/B Warwick Road,
320,BIRM-JTMS16,-1.815124494,52.44482017,Detector,"(-1.815124494, 52.44482017)",Warwick Road,354655230,34588650-0,O/B,20B - A41 (SoC) O/B Warwick Road,
321,JTMS49,-1.878677578,52.46788972,Detector,"(-1.878677578, 52.467889720000002)",,,,I/B,12B - A34(SoC)I/B CampHillMidlwy,
322,BIRM-JTMS70,-2.009052607,52.39557254,Detector,"(-2.0090526070000001, 52.395572540000003)",Bristol Road South,111633928,48587288-1,O/B,28B - A38(SoC)O/B BristolRdSouth,
323,BIRM-JTMS35,-1.895603002,52.49395873,Detector,"(-1.8956030019999999, 52.493958730000003)",Newtown Row,205232,366498187-1,I/B,1B2/3B2/10B3-A34I/B NewtnMidlewy,
324,WMID-JTMS82,-1.523300422,52.41099295,Detector,"(-1.5233004219999999, 52.410992950000001)",Cornets End Lane,21290904,122141471-2,W/B,2A - A4114 W/B Holyhead Rd,